{
    "Format": "2.1.2",
    "Changes": [
        {
            "Action": "EditImage",
            "Priority": "Late",
            "Target": "Portraits/Alex",
            "FromFile": "assets/Alex.png"
        },
        {
            "Action": "EditImage",
            "Priority": "Late",
            "Target": "Portraits/Alex_Winter",
            "FromFile": "assets/Alex_Winter.png"
        },
        {
            "Action": "EditImage",
            "Priority": "Late",
            "Target": "Portraits/Alex_Beach",
            "FromFile": "assets/Alex_Beach.png"
        },
        {
            "Action": "EditImage",
            "Priority": "Late",
            "Target": "Portraits/Elliott",
            "FromFile": "assets/Elliott.png"
        },
        {
            "Action": "EditImage",
            "Priority": "Late",
            "Target": "Portraits/Elliott_Winter",
            "FromFile": "assets/Elliott_Winter.png"
        },
        {
            "Action": "EditImage",
            "Priority": "Late",
            "Target": "Portraits/Elliott_Beach",
            "FromFile": "assets/Elliott_Beach.png"
        },
        {
            "Action": "EditImage",
            "Priority": "Late",
            "Target": "Portraits/Harvey",
            "FromFile": "assets/Harvey.png"
        },
        {
            "Action": "EditImage",
            "Priority": "Late",
            "Target": "Portraits/Harvey_Winter",
            "FromFile": "assets/Harvey_Winter.png"
        },
        {
            "Action": "EditImage",
            "Priority": "Late",
            "Target": "Portraits/Harvey_Beach",
            "FromFile": "assets/Harvey_Beach.png"
        },
        {
            "Action": "EditImage",
            "Priority": "Late",
            "Target": "Portraits/Sam",
            "FromFile": "assets/Sam.png"
        },
        {
            "Action": "EditImage",
            "Priority": "Late",
            "Target": "Portraits/Sam_Winter",
            "FromFile": "assets/Sam_Winter.png"
        },
        {
            "Action": "EditImage",
            "Priority": "Late",
            "Target": "Portraits/Sam_Beach",
            "FromFile": "assets/Sam_Beach.png"
        },
        {
            "Action": "EditImage",
            "Priority": "Late",
            "Target": "Portraits/Sebastian",
            "FromFile": "assets/Sebastian.png"
        },
        {
            "Action": "EditImage",
            "Priority": "Late",
            "Target": "Portraits/Sebastian_Winter",
            "FromFile": "assets/Sebastian_Winter.png"
        },
        {
            "Action": "EditImage",
            "Priority": "Late",
            "Target": "Portraits/Sebastian_Beach",
            "FromFile": "assets/Sebastian_Beach.png"
        },
        {
            "Action": "EditImage",
            "Priority": "Late",
            "Target": "Portraits/Shane",
            "FromFile": "assets/Shane.png"
        },
        {
            "Action": "EditImage",
            "Priority": "Late",
            "Target": "Portraits/Shane_Winter",
            "FromFile": "assets/Shane_Winter.png"
        },
        {
            "Action": "EditImage",
            "Priority": "Late",
            "Target": "Portraits/Shane_Beach",
            "FromFile": "assets/Shane_Beach.png"
        }
    ]
}