{
    "Format": "2.1.2",
    "Changes": [
        {
            "Action": "EditData",
            "Target": "{{Platonymous.ScaleUp/Assets}}",
            "Entries": {
                "Playtonymous.ScaleUpcompatSHIE_Elliott": {
                    "Asset": "Portraits/Elliott",
                    "Scale": 4
                }
            }
        },
        {
            "Action": "EditData",
            "Target": "{{Platonymous.ScaleUp/Assets}}",
            "Entries": {
                "Playtonymous.ScaleUpcompatSHIE_Elliott_Beach": {
                    "Asset": "Portraits/Elliott_Beach",
                    "Scale": 4
                }
            }
        },
        {
            "Action": "EditData",
            "Target": "{{Platonymous.ScaleUp/Assets}}",
            "Entries": {
                "Playtonymous.ScaleUpcompatSHIE_Elliott_Winter": {
                    "Asset": "Portraits/Elliott_Winter",
                    "Scale": 4
                }
            }
        },
        {
            "Action": "EditData",
            "Target": "{{Platonymous.ScaleUp/Assets}}",
            "Entries": {
                "Playtonymous.ScaleUpcompatSHIE_Harvey": {
                    "Asset": "Portraits/Harvey",
                    "Scale": 4
                }
            }
        },
        {
            "Action": "EditData",
            "Target": "{{Platonymous.ScaleUp/Assets}}",
            "Entries": {
                "Playtonymous.ScaleUpcompatSHIE_Harvey_Beach": {
                    "Asset": "Portraits/Harvey_Beach",
                    "Scale": 4
                }
            }
        },
        {
            "Action": "EditData",
            "Target": "{{Platonymous.ScaleUp/Assets}}",
            "Entries": {
                "Playtonymous.ScaleUpcompatSHIE_Harvey_Winter": {
                    "Asset": "Portraits/Harvey_Winter",
                    "Scale": 4
                }
            }
        },
        {
            "Action": "EditData",
            "Target": "{{Platonymous.ScaleUp/Assets}}",
            "Entries": {
                "Playtonymous.ScaleUpcompatSHIE_Alex": {
                    "Asset": "Portraits/Alex",
                    "Scale": 4
                }
            }
        },
        {
            "Action": "EditData",
            "Target": "{{Platonymous.ScaleUp/Assets}}",
            "Entries": {
                "Playtonymous.ScaleUpcompatSHIE_Alex_Beach": {
                    "Asset": "Portraits/Alex_Beach",
                    "Scale": 4
                }
            }
        },
        {
            "Action": "EditData",
            "Target": "{{Platonymous.ScaleUp/Assets}}",
            "Entries": {
                "Playtonymous.ScaleUpcompatSHIE_Alex_Winter": {
                    "Asset": "Portraits/Alex_Winter",
                    "Scale": 4
                }
            }
        },
        {
            "Action": "EditData",
            "Target": "{{Platonymous.ScaleUp/Assets}}",
            "Entries": {
                "Playtonymous.ScaleUpcompatSHIE_Sam": {
                    "Asset": "Portraits/Sam",
                    "Scale": 4
                }
            }
        },
        {
            "Action": "EditData",
            "Target": "{{Platonymous.ScaleUp/Assets}}",
            "Entries": {
                "Playtonymous.ScaleUpcompatSHIE_Sam_Beach": {
                    "Asset": "Portraits/Sam_Beach",
                    "Scale": 4
                }
            }
        },
        {
            "Action": "EditData",
            "Target": "{{Platonymous.ScaleUp/Assets}}",
            "Entries": {
                "Playtonymous.ScaleUpcompatSHIE_Sam_Winter": {
                    "Asset": "Portraits/Sam_Winter",
                    "Scale": 4
                }
            }
        },
        {
            "Action": "EditData",
            "Target": "{{Platonymous.ScaleUp/Assets}}",
            "Entries": {
                "Playtonymous.ScaleUpcompatSHIE_Sebastian": {
                    "Asset": "Portraits/Sebastian",
                    "Scale": 4
                }
            }
        },
        {
            "Action": "EditData",
            "Target": "{{Platonymous.ScaleUp/Assets}}",
            "Entries": {
                "Playtonymous.ScaleUpcompatSHIE_Sebastian_Beach": {
                    "Asset": "Portraits/Sebastian_Beach",
                    "Scale": 4
                }
            }
        },
        {
            "Action": "EditData",
            "Target": "{{Platonymous.ScaleUp/Assets}}",
            "Entries": {
                "Playtonymous.ScaleUpcompatSHIE_Sebastian_Winter": {
                    "Asset": "Portraits/Sebastian_Winter",
                    "Scale": 4
                }
            }
        },
        {
            "Action": "EditData",
            "Target": "{{Platonymous.ScaleUp/Assets}}",
            "Entries": {
                "Playtonymous.ScaleUpcompatSHIE_Shane": {
                    "Asset": "Portraits/Shane",
                    "Scale": 4
                }
            }
        },
        {
            "Action": "EditData",
            "Target": "{{Platonymous.ScaleUp/Assets}}",
            "Entries": {
                "Playtonymous.ScaleUpcompatSHIE_Shane_Beach": {
                    "Asset": "Portraits/Shane_Beach",
                    "Scale": 4
                }
            }
        },
        {
            "Action": "EditData",
            "Target": "{{Platonymous.ScaleUp/Assets}}",
            "Entries": {
                "Playtonymous.ScaleUpcompatSHIE_Shane_Winter": {
                    "Asset": "Portraits/Shane_Winter",
                    "Scale": 4
                }
            }
        },
        {
            "Action": "EditImage",
            "Priority": "Late",
            "Target": "Portraits/Alex",
            "FromFile": "assets/Alex.png"
        },
        {
            "Action": "EditImage",
            "Priority": "Late",
            "Target": "Portraits/Alex_Winter",
            "FromFile": "assets/Alex_Winter.png"
        },
        {
            "Action": "EditImage",
            "Priority": "Late",
            "Target": "Portraits/Alex_Beach",
            "FromFile": "assets/Alex_Beach.png"
        },
        {
            "Action": "EditImage",
            "Priority": "Late",
            "Target": "Portraits/Elliott",
            "FromFile": "assets/Elliott.png"
        },
        {
            "Action": "EditImage",
            "Priority": "Late",
            "Target": "Portraits/Elliott_Winter",
            "FromFile": "assets/Elliott_Winter.png"
        },
        {
            "Action": "EditImage",
            "Priority": "Late",
            "Target": "Portraits/Elliott_Beach",
            "FromFile": "assets/Elliott_Beach.png"
        },
        {
            "Action": "EditImage",
            "Priority": "Late",
            "Target": "Portraits/Harvey",
            "FromFile": "assets/Harvey.png"
        },
        {
            "Action": "EditImage",
            "Priority": "Late",
            "Target": "Portraits/Harvey_Winter",
            "FromFile": "assets/Harvey_Winter.png"
        },
        {
            "Action": "EditImage",
            "Priority": "Late",
            "Target": "Portraits/Harvey_Beach",
            "FromFile": "assets/Harvey_Beach.png"
        },
        {
            "Action": "EditImage",
            "Priority": "Late",
            "Target": "Portraits/Sam",
            "FromFile": "assets/Sam.png"
        },
        {
            "Action": "EditImage",
            "Priority": "Late",
            "Target": "Portraits/Sam_Winter",
            "FromFile": "assets/Sam_Winter.png"
        },
        {
            "Action": "EditImage",
            "Priority": "Late",
            "Target": "Portraits/Sam_Beach",
            "FromFile": "assets/Sam_Beach.png"
        },
        {
            "Action": "EditImage",
            "Priority": "Late",
            "Target": "Portraits/Sebastian",
            "FromFile": "assets/Sebastian.png"
        },
        {
            "Action": "EditImage",
            "Priority": "Late",
            "Target": "Portraits/Sebastian_Winter",
            "FromFile": "assets/Sebastian_Winter.png"
        },
        {
            "Action": "EditImage",
            "Priority": "Late",
            "Target": "Portraits/Sebastian_Beach",
            "FromFile": "assets/Sebastian_Beach.png"
        },
        {
            "Action": "EditImage",
            "Priority": "Late",
            "Target": "Portraits/Shane",
            "FromFile": "assets/Shane.png"
        },
        {
            "Action": "EditImage",
            "Priority": "Late",
            "Target": "Portraits/Shane_Winter",
            "FromFile": "assets/Shane_Winter.png"
        },
        {
            "Action": "EditImage",
            "Priority": "Late",
            "Target": "Portraits/Shane_Beach",
            "FromFile": "assets/Shane_Beach.png"
        }
    ]
}