{
    "Format": "2.1.2",
    "Changes": [
        {
            "Action": "EditData",
            "Target": "{{Platonymous.ScaleUp/Assets}}",
            "Entries": {
                "Playtonymous.ScaleUpcompatSHIE_Elliott": {
                    "Asset": "Portraits/Elliott",
                    "Scale": 4
                }
            }
        },
        {
            "Action": "EditData",
            "Target": "{{Platonymous.ScaleUp/Assets}}",
            "Entries": {
                "Playtonymous.ScaleUpcompatSHIE_Elliott_Beach": {
                    "Asset": "Portraits/Elliott_Beach",
                    "Scale": 4
                }
            }
        },
        {
            "Action": "EditData",
            "Target": "{{Platonymous.ScaleUp/Assets}}",
            "Entries": {
                "Playtonymous.ScaleUpcompatSHIE_Elliott_Winter": {
                    "Asset": "Portraits/Elliott_Winter",
                    "Scale": 4
                }
            }
        },
        {
            "Action": "EditData",
            "Target": "{{Platonymous.ScaleUp/Assets}}",
            "Entries": {
                "Playtonymous.ScaleUpcompatSHIE_Harvey": {
                    "Asset": "Portraits/Harvey",
                    "Scale": 4
                }
            }
        },
        {
            "Action": "EditData",
            "Target": "{{Platonymous.ScaleUp/Assets}}",
            "Entries": {
                "Playtonymous.ScaleUpcompatSHIE_Harvey_Beach": {
                    "Asset": "Portraits/Harvey_Beach",
                    "Scale": 4
                }
            }
        },
        {
            "Action": "EditData",
            "Target": "{{Platonymous.ScaleUp/Assets}}",
            "Entries": {
                "Playtonymous.ScaleUpcompatSHIE_Harvey_Winter": {
                    "Asset": "Portraits/Harvey_Winter",
                    "Scale": 4
                }
            }
        },
        {
            "Action": "EditData",
            "Target": "{{Platonymous.ScaleUp/Assets}}",
            "Entries": {
                "Playtonymous.ScaleUpcompatSHIE_Krobus": {
                    "Asset": "Portraits/Krobus",
                    "Scale": 4
                }
            }
        },
        {
            "Action": "EditData",
            "Target": "{{Platonymous.ScaleUp/Assets}}",
            "Entries": {
                "Playtonymous.ScaleUpcompatSHIE_Krobus_Trenchcoat": {
                    "Asset": "Portraits/Krobus_Trenchcoat",
                    "Scale": 4
                }
            }
        },
        {
            "Action": "EditData",
            "Target": "{{Platonymous.ScaleUp/Assets}}",
            "Entries": {
                "Playtonymous.ScaleUpcompatSHIE_Abigail": {
                    "Asset": "Portraits/Abigail",
                    "Scale": 4
                }
            }
        },
        {
            "Action": "EditData",
            "Target": "{{Platonymous.ScaleUp/Assets}}",
            "Entries": {
                "Playtonymous.ScaleUpcompatSHIE_Abigail_Beach": {
                    "Asset": "Portraits/Abigail_Beach",
                    "Scale": 4
                }
            }
        },
        {
            "Action": "EditData",
            "Target": "{{Platonymous.ScaleUp/Assets}}",
            "Entries": {
                "Playtonymous.ScaleUpcompatSHIE_Abigail_Winter": {
                    "Asset": "Portraits/Abigail_Winter",
                    "Scale": 4
                }
            }
        },
        {
            "Action": "EditData",
            "Target": "{{Platonymous.ScaleUp/Assets}}",
            "Entries": {
                "Playtonymous.ScaleUpcompatSHIE_Alex": {
                    "Asset": "Portraits/Alex",
                    "Scale": 4
                }
            }
        },
        {
            "Action": "EditData",
            "Target": "{{Platonymous.ScaleUp/Assets}}",
            "Entries": {
                "Playtonymous.ScaleUpcompatSHIE_Alex_Beach": {
                    "Asset": "Portraits/Alex_Beach",
                    "Scale": 4
                }
            }
        },
        {
            "Action": "EditData",
            "Target": "{{Platonymous.ScaleUp/Assets}}",
            "Entries": {
                "Playtonymous.ScaleUpcompatSHIE_Alex_Winter": {
                    "Asset": "Portraits/Alex_Winter",
                    "Scale": 4
                }
            }
        },
        {
            "Action": "EditData",
            "Target": "{{Platonymous.ScaleUp/Assets}}",
            "Entries": {
                "Playtonymous.ScaleUpcompatSHIE_Bear": {
                    "Asset": "Portraits/Bear",
                    "Scale": 4
                }
            }
        },
        {
            "Action": "EditData",
            "Target": "{{Platonymous.ScaleUp/Assets}}",
            "Entries": {
                "Playtonymous.ScaleUpcompatSHIE_Birdie": {
                    "Asset": "Portraits/Birdie",
                    "Scale": 4
                }
            }
        },
        {
            "Action": "EditData",
            "Target": "{{Platonymous.ScaleUp/Assets}}",
            "Entries": {
                "Playtonymous.ScaleUpcompatSHIE_Bouncer": {
                    "Asset": "Portraits/Bouncer",
                    "Scale": 4
                }
            }
        },
        {
            "Action": "EditData",
            "Target": "{{Platonymous.ScaleUp/Assets}}",
            "Entries": {
                "Playtonymous.ScaleUpcompatSHIE_Caroline": {
                    "Asset": "Portraits/Caroline",
                    "Scale": 4
                }
            }
        },
        {
            "Action": "EditData",
            "Target": "{{Platonymous.ScaleUp/Assets}}",
            "Entries": {
                "Playtonymous.ScaleUpcompatSHIE_Caroline_Beach": {
                    "Asset": "Portraits/Caroline_Beach",
                    "Scale": 4
                }
            }
        },
        {
            "Action": "EditData",
            "Target": "{{Platonymous.ScaleUp/Assets}}",
            "Entries": {
                "Playtonymous.ScaleUpcompatSHIE_Caroline_Winter": {
                    "Asset": "Portraits/Caroline_Winter",
                    "Scale": 4
                }
            }
        },
        {
            "Action": "EditData",
            "Target": "{{Platonymous.ScaleUp/Assets}}",
            "Entries": {
                "Playtonymous.ScaleUpcompatSHIE_Clint": {
                    "Asset": "Portraits/Clint",
                    "Scale": 4
                }
            }
        },
        {
            "Action": "EditData",
            "Target": "{{Platonymous.ScaleUp/Assets}}",
            "Entries": {
                "Playtonymous.ScaleUpcompatSHIE_Clint_Beach": {
                    "Asset": "Portraits/Clint_Beach",
                    "Scale": 4
                }
            }
        },
        {
            "Action": "EditData",
            "Target": "{{Platonymous.ScaleUp/Assets}}",
            "Entries": {
                "Playtonymous.ScaleUpcompatSHIE_Clint_Winter": {
                    "Asset": "Portraits/Clint_Winter",
                    "Scale": 4
                }
            }
        },
        {
            "Action": "EditData",
            "Target": "{{Platonymous.ScaleUp/Assets}}",
            "Entries": {
                "Playtonymous.ScaleUpcompatSHIE_Demetrius": {
                    "Asset": "Portraits/Demetrius",
                    "Scale": 4
                }
            }
        },
        {
            "Action": "EditData",
            "Target": "{{Platonymous.ScaleUp/Assets}}",
            "Entries": {
                "Playtonymous.ScaleUpcompatSHIE_Demetrius_Winter": {
                    "Asset": "Portraits/Demetrius_Winter",
                    "Scale": 4
                }
            }
        },
        {
            "Action": "EditData",
            "Target": "{{Platonymous.ScaleUp/Assets}}",
            "Entries": {
                "Playtonymous.ScaleUpcompatSHIE_Dobson": {
                    "Asset": "Portraits/Dobson",
                    "Scale": 4
                }
            }
        },
        {
            "Action": "EditData",
            "Target": "{{Platonymous.ScaleUp/Assets}}",
            "Entries": {
                "Playtonymous.ScaleUpcompatSHIE_Dwarf": {
                    "Asset": "Portraits/Dwarf",
                    "Scale": 4
                }
            }
        },
        {
            "Action": "EditData",
            "Target": "{{Platonymous.ScaleUp/Assets}}",
            "Entries": {
                "Playtonymous.ScaleUpcompatSHIE_Emily": {
                    "Asset": "Portraits/Emily",
                    "Scale": 4
                }
            }
        },
        {
            "Action": "EditData",
            "Target": "{{Platonymous.ScaleUp/Assets}}",
            "Entries": {
                "Playtonymous.ScaleUpcompatSHIE_Emily_Beach": {
                    "Asset": "Portraits/Emily_Beach",
                    "Scale": 4
                }
            }
        },
        {
            "Action": "EditData",
            "Target": "{{Platonymous.ScaleUp/Assets}}",
            "Entries": {
                "Playtonymous.ScaleUpcompatSHIE_Emily_Winter": {
                    "Asset": "Portraits/Emily_Winter",
                    "Scale": 4
                }
            }
        },
        {
            "Action": "EditData",
            "Target": "{{Platonymous.ScaleUp/Assets}}",
            "Entries": {
                "Playtonymous.ScaleUpcompatSHIE_Evelyn": {
                    "Asset": "Portraits/Evelyn",
                    "Scale": 4
                }
            }
        },
        {
            "Action": "EditData",
            "Target": "{{Platonymous.ScaleUp/Assets}}",
            "Entries": {
                "Playtonymous.ScaleUpcompatSHIE_Evelyn_Winter": {
                    "Asset": "Portraits/Evelyn_Winter",
                    "Scale": 4
                }
            }
        },
        {
            "Action": "EditData",
            "Target": "{{Platonymous.ScaleUp/Assets}}",
            "Entries": {
                "Playtonymous.ScaleUpcompatSHIE_George": {
                    "Asset": "Portraits/George",
                    "Scale": 4
                }
            }
        },
        {
            "Action": "EditData",
            "Target": "{{Platonymous.ScaleUp/Assets}}",
            "Entries": {
                "Playtonymous.ScaleUpcompatSHIE_George_Winter": {
                    "Asset": "Portraits/George_Winter",
                    "Scale": 4
                }
            }
        },
        {
            "Action": "EditData",
            "Target": "{{Platonymous.ScaleUp/Assets}}",
            "Entries": {
                "Playtonymous.ScaleUpcompatSHIE_Gil": {
                    "Asset": "Portraits/Gil",
                    "Scale": 4
                }
            }
        },
        {
            "Action": "EditData",
            "Target": "{{Platonymous.ScaleUp/Assets}}",
            "Entries": {
                "Playtonymous.ScaleUpcompatSHIE_Governor": {
                    "Asset": "Portraits/Governor",
                    "Scale": 4
                }
            }
        },
        {
            "Action": "EditData",
            "Target": "{{Platonymous.ScaleUp/Assets}}",
            "Entries": {
                "Playtonymous.ScaleUpcompatSHIE_Grandpa": {
                    "Asset": "Portraits/Grandpa",
                    "Scale": 4
                }
            }
        },
        {
            "Action": "EditData",
            "Target": "{{Platonymous.ScaleUp/Assets}}",
            "Entries": {
                "Playtonymous.ScaleUpcompatSHIE_Gunther": {
                    "Asset": "Portraits/Gunther",
                    "Scale": 4
                }
            }
        },
        {
            "Action": "EditData",
            "Target": "{{Platonymous.ScaleUp/Assets}}",
            "Entries": {
                "Playtonymous.ScaleUpcompatSHIE_Gus": {
                    "Asset": "Portraits/Gus",
                    "Scale": 4
                }
            }
        },
        {
            "Action": "EditData",
            "Target": "{{Platonymous.ScaleUp/Assets}}",
            "Entries": {
                "Playtonymous.ScaleUpcompatSHIE_Gus_Winter": {
                    "Asset": "Portraits/Gus_Winter",
                    "Scale": 4
                }
            }
        },
        {
            "Action": "EditData",
            "Target": "{{Platonymous.ScaleUp/Assets}}",
            "Entries": {
                "Playtonymous.ScaleUpcompatSHIE_Haley": {
                    "Asset": "Portraits/Haley",
                    "Scale": 4
                }
            }
        },
        {
            "Action": "EditData",
            "Target": "{{Platonymous.ScaleUp/Assets}}",
            "Entries": {
                "Playtonymous.ScaleUpcompatSHIE_Haley_Beach": {
                    "Asset": "Portraits/Haley_Beach",
                    "Scale": 4
                }
            }
        },
        {
            "Action": "EditData",
            "Target": "{{Platonymous.ScaleUp/Assets}}",
            "Entries": {
                "Playtonymous.ScaleUpcompatSHIE_Haley_Winter": {
                    "Asset": "Portraits/Haley_Winter",
                    "Scale": 4
                }
            }
        },
        {
            "Action": "EditData",
            "Target": "{{Platonymous.ScaleUp/Assets}}",
            "Entries": {
                "Playtonymous.ScaleUpcompatSHIE_Henchman": {
                    "Asset": "Portraits/Henchman",
                    "Scale": 4
                }
            }
        },
        {
            "Action": "EditData",
            "Target": "{{Platonymous.ScaleUp/Assets}}",
            "Entries": {
                "Playtonymous.ScaleUpcompatSHIE_Jas": {
                    "Asset": "Portraits/Jas",
                    "Scale": 4
                }
            }
        },
        {
            "Action": "EditData",
            "Target": "{{Platonymous.ScaleUp/Assets}}",
            "Entries": {
                "Playtonymous.ScaleUpcompatSHIE_Jas_Winter": {
                    "Asset": "Portraits/Jas_Winter",
                    "Scale": 4
                }
            }
        },
        {
            "Action": "EditData",
            "Target": "{{Platonymous.ScaleUp/Assets}}",
            "Entries": {
                "Playtonymous.ScaleUpcompatSHIE_Jodi": {
                    "Asset": "Portraits/Jodi",
                    "Scale": 4
                }
            }
        },
        {
            "Action": "EditData",
            "Target": "{{Platonymous.ScaleUp/Assets}}",
            "Entries": {
                "Playtonymous.ScaleUpcompatSHIE_Jodi_Winter": {
                    "Asset": "Portraits/Jodi_Winter",
                    "Scale": 4
                }
            }
        },
        {
            "Action": "EditData",
            "Target": "{{Platonymous.ScaleUp/Assets}}",
            "Entries": {
                "Playtonymous.ScaleUpcompatSHIE_Jodi_Beach": {
                    "Asset": "Portraits/Jodi_Beach",
                    "Scale": 4
                }
            }
        },
        {
            "Action": "EditData",
            "Target": "{{Platonymous.ScaleUp/Assets}}",
            "Entries": {
                "Playtonymous.ScaleUpcompatSHIE_Kent": {
                    "Asset": "Portraits/Kent",
                    "Scale": 4
                }
            }
        },
        {
            "Action": "EditData",
            "Target": "{{Platonymous.ScaleUp/Assets}}",
            "Entries": {
                "Playtonymous.ScaleUpcompatSHIE_Kent_Winter": {
                    "Asset": "Portraits/Kent_Winter",
                    "Scale": 4
                }
            }
        },
        {
            "Action": "EditData",
            "Target": "{{Platonymous.ScaleUp/Assets}}",
            "Entries": {
                "Playtonymous.ScaleUpcompatSHIE_Leah": {
                    "Asset": "Portraits/Leah",
                    "Scale": 4
                }
            }
        },
        {
            "Action": "EditData",
            "Target": "{{Platonymous.ScaleUp/Assets}}",
            "Entries": {
                "Playtonymous.ScaleUpcompatSHIE_Leah_Beach": {
                    "Asset": "Portraits/Leah_Beach",
                    "Scale": 4
                }
            }
        },
        {
            "Action": "EditData",
            "Target": "{{Platonymous.ScaleUp/Assets}}",
            "Entries": {
                "Playtonymous.ScaleUpcompatSHIE_Leah_Winter": {
                    "Asset": "Portraits/Leah_Winter",
                    "Scale": 4
                }
            }
        },
        {
            "Action": "EditData",
            "Target": "{{Platonymous.ScaleUp/Assets}}",
            "Entries": {
                "Playtonymous.ScaleUpcompatSHIE_Lewis": {
                    "Asset": "Portraits/Lewis",
                    "Scale": 4
                }
            }
        },
        {
            "Action": "EditData",
            "Target": "{{Platonymous.ScaleUp/Assets}}",
            "Entries": {
                "Playtonymous.ScaleUpcompatSHIE_Lewis_Winter": {
                    "Asset": "Portraits/Lewis_Winter",
                    "Scale": 4
                }
            }
        },
        {
            "Action": "EditData",
            "Target": "{{Platonymous.ScaleUp/Assets}}",
            "Entries": {
                "Playtonymous.ScaleUpcompatSHIE_Linus": {
                    "Asset": "Portraits/Linus",
                    "Scale": 4
                }
            }
        },
        {
            "Action": "EditData",
            "Target": "{{Platonymous.ScaleUp/Assets}}",
            "Entries": {
                "Playtonymous.ScaleUpcompatSHIE_Linus_Winter": {
                    "Asset": "Portraits/Linus_Winter",
                    "Scale": 4
                }
            }
        },
        {
            "Action": "EditData",
            "Target": "{{Platonymous.ScaleUp/Assets}}",
            "Entries": {
                "Playtonymous.ScaleUpcompatSHIE_Marlon": {
                    "Asset": "Portraits/Marlon",
                    "Scale": 4
                }
            }
        },
        {
            "Action": "EditData",
            "Target": "{{Platonymous.ScaleUp/Assets}}",
            "Entries": {
                "Playtonymous.ScaleUpcompatSHIE_Marnie": {
                    "Asset": "Portraits/Marnie",
                    "Scale": 4
                }
            }
        },
        {
            "Action": "EditData",
            "Target": "{{Platonymous.ScaleUp/Assets}}",
            "Entries": {
                "Playtonymous.ScaleUpcompatSHIE_Marnie_Winter": {
                    "Asset": "Portraits/Marnie_Winter",
                    "Scale": 4
                }
            }
        },
        {
            "Action": "EditData",
            "Target": "{{Platonymous.ScaleUp/Assets}}",
            "Entries": {
                "Playtonymous.ScaleUpcompatSHIE_Marnie_Beach": {
                    "Asset": "Portraits/Marnie_Beach",
                    "Scale": 4
                }
            }
        },
        {
            "Action": "EditData",
            "Target": "{{Platonymous.ScaleUp/Assets}}",
            "Entries": {
                "Playtonymous.ScaleUpcompatSHIE_Maru": {
                    "Asset": "Portraits/Maru",
                    "Scale": 4
                }
            }
        },
        {
            "Action": "EditData",
            "Target": "{{Platonymous.ScaleUp/Assets}}",
            "Entries": {
                "Playtonymous.ScaleUpcompatSHIE_Maru_Beach": {
                    "Asset": "Portraits/Maru_Beach",
                    "Scale": 4
                }
            }
        },
        {
            "Action": "EditData",
            "Target": "{{Platonymous.ScaleUp/Assets}}",
            "Entries": {
                "Playtonymous.ScaleUpcompatSHIE_Maru_Hospital": {
                    "Asset": "Portraits/Maru_Hospital",
                    "Scale": 4
                }
            }
        },
        {
            "Action": "EditData",
            "Target": "{{Platonymous.ScaleUp/Assets}}",
            "Entries": {
                "Playtonymous.ScaleUpcompatSHIE_Maru_Winter": {
                    "Asset": "Portraits/Maru_Winter",
                    "Scale": 4
                }
            }
        },
        {
            "Action": "EditData",
            "Target": "{{Platonymous.ScaleUp/Assets}}",
            "Entries": {
                "Playtonymous.ScaleUpcompatSHIE_Morris": {
                    "Asset": "Portraits/Morris",
                    "Scale": 4
                }
            }
        },
        {
            "Action": "EditData",
            "Target": "{{Platonymous.ScaleUp/Assets}}",
            "Entries": {
                "Playtonymous.ScaleUpcompatSHIE_MrQi": {
                    "Asset": "Portraits/MrQi",
                    "Scale": 4
                }
            }
        },
        {
            "Action": "EditData",
            "Target": "{{Platonymous.ScaleUp/Assets}}",
            "Entries": {
                "Playtonymous.ScaleUpcompatSHIE_Pam": {
                    "Asset": "Portraits/Pam",
                    "Scale": 4
                }
            }
        },
        {
            "Action": "EditData",
            "Target": "{{Platonymous.ScaleUp/Assets}}",
            "Entries": {
                "Playtonymous.ScaleUpcompatSHIE_Pam_Beach": {
                    "Asset": "Portraits/Pam_Beach",
                    "Scale": 4
                }
            }
        },
        {
            "Action": "EditData",
            "Target": "{{Platonymous.ScaleUp/Assets}}",
            "Entries": {
                "Playtonymous.ScaleUpcompatSHIE_Pam_Winter": {
                    "Asset": "Portraits/Pam_Winter",
                    "Scale": 4
                }
            }
        },
        {
            "Action": "EditData",
            "Target": "{{Platonymous.ScaleUp/Assets}}",
            "Entries": {
                "Playtonymous.ScaleUpcompatSHIE_ParrotBoy": {
                    "Asset": "Portraits/ParrotBoy",
                    "Scale": 4
                }
            }
        },
        {
            "Action": "EditData",
            "Target": "{{Platonymous.ScaleUp/Assets}}",
            "Entries": {
                "Playtonymous.ScaleUpcompatSHIE_ParrotBoy_Winter": {
                    "Asset": "Portraits/ParrotBoy_Winter",
                    "Scale": 4
                }
            }
        },
        {
            "Action": "EditData",
            "Target": "{{Platonymous.ScaleUp/Assets}}",
            "Entries": {
                "Playtonymous.ScaleUpcompatSHIE_Penny": {
                    "Asset": "Portraits/Penny",
                    "Scale": 4
                }
            }
        },
        {
            "Action": "EditData",
            "Target": "{{Platonymous.ScaleUp/Assets}}",
            "Entries": {
                "Playtonymous.ScaleUpcompatSHIE_Penny_Beach": {
                    "Asset": "Portraits/Penny_Beach",
                    "Scale": 4
                }
            }
        },
        {
            "Action": "EditData",
            "Target": "{{Platonymous.ScaleUp/Assets}}",
            "Entries": {
                "Playtonymous.ScaleUpcompatSHIE_Penny_Winter": {
                    "Asset": "Portraits/Penny_Winter",
                    "Scale": 4
                }
            }
        },
        {
            "Action": "EditData",
            "Target": "{{Platonymous.ScaleUp/Assets}}",
            "Entries": {
                "Playtonymous.ScaleUpcompatSHIE_Pierre": {
                    "Asset": "Portraits/Pierre",
                    "Scale": 4
                }
            }
        },
        {
            "Action": "EditData",
            "Target": "{{Platonymous.ScaleUp/Assets}}",
            "Entries": {
                "Playtonymous.ScaleUpcompatSHIE_Pierre_Beach": {
                    "Asset": "Portraits/Pierre_Beach",
                    "Scale": 4
                }
            }
        },
        {
            "Action": "EditData",
            "Target": "{{Platonymous.ScaleUp/Assets}}",
            "Entries": {
                "Playtonymous.ScaleUpcompatSHIE_Pierre_Winter": {
                    "Asset": "Portraits/Pierre_Winter",
                    "Scale": 4
                }
            }
        },
        {
            "Action": "EditData",
            "Target": "{{Platonymous.ScaleUp/Assets}}",
            "Entries": {
                "Playtonymous.ScaleUpcompatSHIE_Robin": {
                    "Asset": "Portraits/Robin",
                    "Scale": 4
                }
            }
        },
        {
            "Action": "EditData",
            "Target": "{{Platonymous.ScaleUp/Assets}}",
            "Entries": {
                "Playtonymous.ScaleUpcompatSHIE_Robin_Beach": {
                    "Asset": "Portraits/Robin_Beach",
                    "Scale": 4
                }
            }
        },
        {
            "Action": "EditData",
            "Target": "{{Platonymous.ScaleUp/Assets}}",
            "Entries": {
                "Playtonymous.ScaleUpcompatSHIE_Robin_Winter": {
                    "Asset": "Portraits/Robin_Winter",
                    "Scale": 4
                }
            }
        },
        {
            "Action": "EditData",
            "Target": "{{Platonymous.ScaleUp/Assets}}",
            "Entries": {
                "Playtonymous.ScaleUpcompatSHIE_SafariGuy": {
                    "Asset": "Portraits/SafariGuy",
                    "Scale": 4
                }
            }
        },
        {
            "Action": "EditData",
            "Target": "{{Platonymous.ScaleUp/Assets}}",
            "Entries": {
                "Playtonymous.ScaleUpcompatSHIE_Sam": {
                    "Asset": "Portraits/Sam",
                    "Scale": 4
                }
            }
        },
        {
            "Action": "EditData",
            "Target": "{{Platonymous.ScaleUp/Assets}}",
            "Entries": {
                "Playtonymous.ScaleUpcompatSHIE_Sam_Beach": {
                    "Asset": "Portraits/Sam_Beach",
                    "Scale": 4
                }
            }
        },
        {
            "Action": "EditData",
            "Target": "{{Platonymous.ScaleUp/Assets}}",
            "Entries": {
                "Playtonymous.ScaleUpcompatSHIE_Sam_Winter": {
                    "Asset": "Portraits/Sam_Winter",
                    "Scale": 4
                }
            }
        },
        {
            "Action": "EditData",
            "Target": "{{Platonymous.ScaleUp/Assets}}",
            "Entries": {
                "Playtonymous.ScaleUpcompatSHIE_Sandy": {
                    "Asset": "Portraits/Sandy",
                    "Scale": 4
                }
            }
        },
        {
            "Action": "EditData",
            "Target": "{{Platonymous.ScaleUp/Assets}}",
            "Entries": {
                "Playtonymous.ScaleUpcompatSHIE_Sebastian": {
                    "Asset": "Portraits/Sebastian",
                    "Scale": 4
                }
            }
        },
        {
            "Action": "EditData",
            "Target": "{{Platonymous.ScaleUp/Assets}}",
            "Entries": {
                "Playtonymous.ScaleUpcompatSHIE_Sebastian_Beach": {
                    "Asset": "Portraits/Sebastian_Beach",
                    "Scale": 4
                }
            }
        },
        {
            "Action": "EditData",
            "Target": "{{Platonymous.ScaleUp/Assets}}",
            "Entries": {
                "Playtonymous.ScaleUpcompatSHIE_Sebastian_Winter": {
                    "Asset": "Portraits/Sebastian_Winter",
                    "Scale": 4
                }
            }
        },
        {
            "Action": "EditData",
            "Target": "{{Platonymous.ScaleUp/Assets}}",
            "Entries": {
                "Playtonymous.ScaleUpcompatSHIE_Shane": {
                    "Asset": "Portraits/Shane",
                    "Scale": 4
                }
            }
        },
        {
            "Action": "EditData",
            "Target": "{{Platonymous.ScaleUp/Assets}}",
            "Entries": {
                "Playtonymous.ScaleUpcompatSHIE_Shane_Beach": {
                    "Asset": "Portraits/Shane_Beach",
                    "Scale": 4
                }
            }
        },
        {
            "Action": "EditData",
            "Target": "{{Platonymous.ScaleUp/Assets}}",
            "Entries": {
                "Playtonymous.ScaleUpcompatSHIE_Shane_Winter": {
                    "Asset": "Portraits/Shane_Winter",
                    "Scale": 4
                }
            }
        },
        {
            "Action": "EditData",
            "Target": "{{Platonymous.ScaleUp/Assets}}",
            "Entries": {
                "Playtonymous.ScaleUpcompatSHIE_Vincent": {
                    "Asset": "Portraits/Vincent",
                    "Scale": 4
                }
            }
        },
        {
            "Action": "EditData",
            "Target": "{{Platonymous.ScaleUp/Assets}}",
            "Entries": {
                "Playtonymous.ScaleUpcompatSHIE_Vincent_Winter": {
                    "Asset": "Portraits/Vincent_Winter",
                    "Scale": 4
                }
            }
        },
        {
            "Action": "EditData",
            "Target": "{{Platonymous.ScaleUp/Assets}}",
            "Entries": {
                "Playtonymous.ScaleUpcompatSHIE_Willy": {
                    "Asset": "Portraits/Willy",
                    "Scale": 4
                }
            }
        },
        {
            "Action": "EditData",
            "Target": "{{Platonymous.ScaleUp/Assets}}",
            "Entries": {
                "Playtonymous.ScaleUpcompatSHIE_Willy_Winter": {
                    "Asset": "Portraits/Willy_Winter",
                    "Scale": 4
                }
            }
        },
        {
            "Action": "EditData",
            "Target": "{{Platonymous.ScaleUp/Assets}}",
            "Entries": {
                "Playtonymous.ScaleUpcompatSHIE_Wizard": {
                    "Asset": "Portraits/Wizard",
                    "Scale": 4
                }
            }
        },
        {
            "Action": "EditData",
            "Target": "{{Platonymous.ScaleUp/Assets}}",
            "Entries": {
                "Playtonymous.ScaleUpcompatSHIE_Fizz": {
                    "Asset": "Portraits/Fizz",
                    "Scale": 4
                }
            }
        },
        {
            "Action": "EditData",
            "Target": "{{Platonymous.ScaleUp/Assets}}",
            "Entries": {
                "Playtonymous.ScaleUpcompatSHIE_AnsweringMachine": {
                    "Asset": "Portraits/AnsweringMachine",
                    "Scale": 4
                }
            }
        },
        {
            "Action": "Load",
            "Target": "Portraits/Fizz",
            "FromFile": "assets/Fizz.png"
        },
        {
            "Action": "Load",
            "Target": "Portraits/AnsweringMachine",
            "FromFile": "assets/AnsweringMachine.png"
        },
        {
            "Action": "Load",
            "Target": "Portraits/Bear",
            "FromFile": "assets/Bear.png"
        },
        {
            "Action": "Load",
            "Target": "Portraits/Dobson",
            "FromFile": "assets/Dobson.png"
        },
        {
            "Action": "Load",
            "Target": "Portraits/Grandpa",
            "FromFile": "assets/Grandpa.png"
        },
        {
            "Action": "Load",
            "Target": "Portraits/Henchman",
            "FromFile": "assets/Henchman.png"
        },
        {
            "Action": "Load",
            "Target": "Portraits/Krobus",
            "FromFile": "assets/Krobus.png"
        },
        {
            "Action": "Load",
            "Target": "Portraits/Krobus_Trenchcoat",
            "FromFile": "assets/Krobus_Trenchcoat.png"
        },
        {
            "Action": "Load",
            "Target": "Portraits/Abigail",
            "FromFile": "assets/Abigail.png"
        },
        {
            "Action": "Load",
            "Target": "Portraits/Abigail_Winter",
            "FromFile": "assets/Abigail_Winter.png"
        },
        {
            "Action": "Load",
            "Target": "Portraits/Abigail_Beach",
            "FromFile": "assets/Abigail_Beach.png"
        },
        {
            "Action": "Load",
            "Target": "Portraits/Emily",
            "FromFile": "assets/Emily.png"
        },
        {
            "Action": "Load",
            "Target": "Portraits/Emily_Winter",
            "FromFile": "assets/Emily_Winter.png"
        },
        {
            "Action": "Load",
            "Target": "Portraits/Emily_Beach",
            "FromFile": "assets/Emily_Beach.png"
        },
        {
            "Action": "Load",
            "Target": "Portraits/Haley",
            "FromFile": "assets/Haley.png"
        },
        {
            "Action": "Load",
            "Target": "Portraits/Haley_Winter",
            "FromFile": "assets/Haley_Winter.png"
        },
        {
            "Action": "Load",
            "Target": "Portraits/Haley_Beach",
            "FromFile": "assets/Haley_Beach.png"
        },
        {
            "Action": "Load",
            "Target": "Portraits/Leah",
            "FromFile": "assets/Leah.png"
        },
        {
            "Action": "Load",
            "Target": "Portraits/Leah_Winter",
            "FromFile": "assets/Leah_Winter.png"
        },
        {
            "Action": "Load",
            "Target": "Portraits/Leah_Beach",
            "FromFile": "assets/Leah_Beach.png"
        },
        {
            "Action": "Load",
            "Target": "Portraits/Maru",
            "FromFile": "assets/Maru.png"
        },
        {
            "Action": "Load",
            "Target": "Portraits/Maru_Winter",
            "FromFile": "assets/Maru_Winter.png"
        },
        {
            "Action": "Load",
            "Target": "Portraits/Maru_Hospital",
            "FromFile": "assets/Maru_Hospital.png"
        },
        {
            "Action": "Load",
            "Target": "Portraits/Maru_Beach",
            "FromFile": "assets/Maru_Beach.png"
        },
        {
            "Action": "Load",
            "Target": "Portraits/Penny",
            "FromFile": "assets/Penny.png"
        },
        {
            "Action": "Load",
            "Target": "Portraits/Penny_Winter",
            "FromFile": "assets/Penny_Winter.png"
        },
        {
            "Action": "Load",
            "Target": "Portraits/Penny_Beach",
            "FromFile": "assets/Penny_Beach.png"
        },
        {
            "Action": "Load",
            "Target": "Portraits/Alex",
            "FromFile": "assets/Alex.png"
        },
        {
            "Action": "Load",
            "Target": "Portraits/Alex_Winter",
            "FromFile": "assets/Alex_Winter.png"
        },
        {
            "Action": "Load",
            "Target": "Portraits/Alex_Beach",
            "FromFile": "assets/Alex_Beach.png"
        },
        {
            "Action": "Load",
            "Target": "Portraits/Elliott",
            "FromFile": "assets/Elliott.png"
        },
        {
            "Action": "Load",
            "Target": "Portraits/Elliott_Winter",
            "FromFile": "assets/Elliott_Winter.png"
        },
        {
            "Action": "Load",
            "Target": "Portraits/Elliott_Beach",
            "FromFile": "assets/Elliott_Beach.png"
        },
        {
            "Action": "Load",
            "Target": "Portraits/Harvey",
            "FromFile": "assets/Harvey.png"
        },
        {
            "Action": "Load",
            "Target": "Portraits/Harvey_Winter",
            "FromFile": "assets/Harvey_Winter.png"
        },
        {
            "Action": "Load",
            "Target": "Portraits/Harvey_Beach",
            "FromFile": "assets/Harvey_Beach.png"
        },
        {
            "Action": "Load",
            "Target": "Portraits/Sam",
            "FromFile": "assets/Sam.png"
        },
        {
            "Action": "Load",
            "Target": "Portraits/Sam_Winter",
            "FromFile": "assets/Sam_Winter.png"
        },
        {
            "Action": "Load",
            "Target": "Portraits/Sam_Beach",
            "FromFile": "assets/Sam_Beach.png"
        },
        {
            "Action": "Load",
            "Target": "Portraits/Sebastian",
            "FromFile": "assets/Sebastian.png"
        },
        {
            "Action": "Load",
            "Target": "Portraits/Sebastian_Winter",
            "FromFile": "assets/Sebastian_Winter.png"
        },
        {
            "Action": "Load",
            "Target": "Portraits/Sebastian_Beach",
            "FromFile": "assets/Sebastian_Beach.png"
        },
        {
            "Action": "Load",
            "Target": "Portraits/Shane",
            "FromFile": "assets/Shane.png"
        },
        {
            "Action": "Load",
            "Target": "Portraits/Shane_Winter",
            "FromFile": "assets/Shane_Winter.png"
        },
        {
            "Action": "Load",
            "Target": "Portraits/Shane_Beach",
            "FromFile": "assets/Shane_Beach.png"
        },
        {
            "Action": "Load",
            "Target": "Portraits/Bouncer",
            "FromFile": "assets/Bouncer.png"
        },
        {
            "Action": "Load",
            "Target": "Portraits/Birdie",
            "FromFile": "assets/Birdie.png"
        },
        {
            "Action": "Load",
            "Target": "Portraits/Caroline",
            "FromFile": "assets/Caroline.png"
        },
        {
            "Action": "Load",
            "Target": "Portraits/Caroline_Winter",
            "FromFile": "assets/Caroline_Winter.png"
        },
        {
            "Action": "Load",
            "Target": "Portraits/Caroline_Beach",
            "FromFile": "assets/Caroline_Beach.png"
        },
        {
            "Action": "Load",
            "Target": "Portraits/Clint",
            "FromFile": "assets/Clint.png"
        },
        {
            "Action": "Load",
            "Target": "Portraits/Clint_Winter",
            "FromFile": "assets/Clint_Winter.png"
        },
        {
            "Action": "Load",
            "Target": "Portraits/Clint_Beach",
            "FromFile": "assets/Clint_Beach.png"
        },
        {
            "Action": "Load",
            "Target": "Portraits/Demetrius",
            "FromFile": "assets/Demetrius.png"
        },
        {
            "Action": "Load",
            "Target": "Portraits/Demetrius_Winter",
            "FromFile": "assets/Demetrius_Winter.png"
        },
        {
            "Action": "Load",
            "Target": "Portraits/Dwarf",
            "FromFile": "assets/Dwarf.png"
        },
        {
            "Action": "Load",
            "Target": "Portraits/Evelyn",
            "FromFile": "assets/Evelyn.png"
        },
        {
            "Action": "Load",
            "Target": "Portraits/Evelyn_Winter",
            "FromFile": "assets/Evelyn_Winter.png"
        },
        {
            "Action": "Load",
            "Target": "Portraits/George",
            "FromFile": "assets/George.png"
        },
        {
            "Action": "Load",
            "Target": "Portraits/George_Winter",
            "FromFile": "assets/George_Winter.png"
        },
        {
            "Action": "Load",
            "Target": "Portraits/Gil",
            "FromFile": "assets/Gil.png"
        },
        {
            "Action": "Load",
            "Target": "Portraits/Governor",
            "FromFile": "assets/Governor.png"
        },
        {
            "Action": "Load",
            "Target": "Portraits/Gunther",
            "FromFile": "assets/Gunther.png"
        },
        {
            "Action": "Load",
            "Target": "Portraits/Gus",
            "FromFile": "assets/Gus.png"
        },
        {
            "Action": "Load",
            "Target": "Portraits/Gus_Winter",
            "FromFile": "assets/Gus_Winter.png"
        },
        {
            "Action": "Load",
            "Target": "Portraits/Jas",
            "FromFile": "assets/Jas.png"
        },
        {
            "Action": "Load",
            "Target": "Portraits/Jas_Winter",
            "FromFile": "assets/Jas_Winter.png"
        },
        {
            "Action": "Load",
            "Target": "Portraits/Jodi",
            "FromFile": "assets/Jodi.png"
        },
        {
            "Action": "Load",
            "Target": "Portraits/Jodi_Winter",
            "FromFile": "assets/Jodi_Winter.png"
        },
        {
            "Action": "Load",
            "Target": "Portraits/Jodi_Beach",
            "FromFile": "assets/Jodi_Beach.png"
        },
        {
            "Action": "Load",
            "Target": "Portraits/Kent",
            "FromFile": "assets/Kent.png"
        },
        {
            "Action": "Load",
            "Target": "Portraits/Kent_Winter",
            "FromFile": "assets/Kent_Winter.png"
        },
        {
            "Action": "Load",
            "Target": "Portraits/Lewis",
            "FromFile": "assets/Lewis.png"
        },
        {
            "Action": "Load",
            "Target": "Portraits/Lewis_Winter",
            "FromFile": "assets/Lewis_Winter.png"
        },
        {
            "Action": "Load",
            "Target": "Portraits/Linus",
            "FromFile": "assets/Linus.png"
        },
        {
            "Action": "Load",
            "Target": "Portraits/Linus_Winter",
            "FromFile": "assets/Linus_Winter.png"
        },
        {
            "Action": "Load",
            "Target": "Portraits/Marlon",
            "FromFile": "assets/Marlon.png"
        },
        {
            "Action": "Load",
            "Target": "Portraits/Marnie",
            "FromFile": "assets/Marnie.png"
        },
        {
            "Action": "Load",
            "Target": "Portraits/Marnie_Winter",
            "FromFile": "assets/Marnie_Winter.png"
        },
        {
            "Action": "Load",
            "Target": "Portraits/Marnie_Beach",
            "FromFile": "assets/Marnie_Beach.png"
        },
        {
            "Action": "Load",
            "Target": "Portraits/Morris",
            "FromFile": "assets/Morris.png"
        },
        {
            "Action": "Load",
            "Target": "Portraits/MrQi",
            "FromFile": "assets/MrQi.png"
        },
        {
            "Action": "Load",
            "Target": "Portraits/Pam",
            "FromFile": "assets/Pam.png"
        },
        {
            "Action": "Load",
            "Target": "Portraits/Pam_Winter",
            "FromFile": "assets/Pam_Winter.png"
        },
        {
            "Action": "Load",
            "Target": "Portraits/Pam_Beach",
            "FromFile": "assets/Pam_Beach.png"
        },
        {
            "Action": "Load",
            "Target": "Portraits/ParrotBoy",
            "FromFile": "assets/ParrotBoy.png"
        },
        {
            "Action": "Load",
            "Target": "Portraits/ParrotBoy_Winter",
            "FromFile": "assets/ParrotBoy_Winter.png"
        },
        {
            "Action": "Load",
            "Target": "Portraits/Pierre",
            "FromFile": "assets/Pierre.png"
        },
        {
            "Action": "Load",
            "Target": "Portraits/Pierre_Winter",
            "FromFile": "assets/Pierre_Winter.png"
        },
        {
            "Action": "Load",
            "Target": "Portraits/Pierre_Beach",
            "FromFile": "assets/Pierre_Beach.png"
        },
        {
            "Action": "Load",
            "Target": "Portraits/Robin",
            "FromFile": "assets/Robin.png"
        },
        {
            "Action": "Load",
            "Target": "Portraits/Robin_Winter",
            "FromFile": "assets/Robin_Winter.png"
        },
        {
            "Action": "Load",
            "Target": "Portraits/Robin_Beach",
            "FromFile": "assets/Robin_Beach.png"
        },
        {
            "Action": "Load",
            "Target": "Portraits/SafariGuy",
            "FromFile": "assets/SafariGuy.png"
        },
        {
            "Action": "Load",
            "Target": "Portraits/Sandy",
            "FromFile": "assets/Sandy.png"
        },
        {
            "Action": "Load",
            "Target": "Portraits/Vincent",
            "FromFile": "assets/Vincent.png"
        },
        {
            "Action": "Load",
            "Target": "Portraits/Vincent_Winter",
            "FromFile": "assets/Vincent_Winter.png"
        },
        {
            "Action": "Load",
            "Target": "Portraits/Willy",
            "FromFile": "assets/Willy.png"
        },
        {
            "Action": "Load",
            "Target": "Portraits/Willy_Winter",
            "FromFile": "assets/Willy_Winter.png"
        },
        {
            "Action": "Load",
            "Target": "Portraits/Wizard",
            "FromFile": "assets/Wizard.png"
        }
    ]
}