{
    "Format": "2.1.2",
    "ConfigSchema": {
        "Caroline": {
            "AllowValues": "default, younger, false",
            "Default": "default"
        },
        "Clint": {
            "AllowValues": "default, younger, false",
            "Default": "default"
        },
        "Elliott": {
            "AllowValues": "default, younger, false",
            "Default": "default"
        },
        "Harvey": {
            "AllowValues": "default, younger, beardless, younger_beardless, false",
            "Default": "default"
        },
        "Jodi": {
            "AllowValues": "default, younger, hairbrown, younger_hairbrown, false",
            "Default": "default"
        },
        "Robin": {
            "AllowValues": "default, younger, false",
            "Default": "default"
        },
        "Abigail": {
            "AllowValues": "true, false",
            "Default": "true"
        },
        "Alex": {
            "AllowValues": "true, false",
            "Default": "true"
        },
        "AnsweringMachine": {
            "AllowValues": "true, false",
            "Default": "true"
        },
        "Bear": {
            "AllowValues": "true, false",
            "Default": "true"
        },
        "Birdie": {
            "AllowValues": "true, false",
            "Default": "true"
        },
        "Bouncer": {
            "AllowValues": "true, false",
            "Default": "true"
        },
        "Demetrius": {
            "AllowValues": "true, false",
            "Default": "true"
        },
        "Dobson": {
            "AllowValues": "true, false",
            "Default": "true"
        },
        "Dwarf": {
            "AllowValues": "true, false",
            "Default": "true"
        },
        "Emily": {
            "AllowValues": "true, false",
            "Default": "true"
        },
        "Evelyn": {
            "AllowValues": "true, false",
            "Default": "true"
        },
        "Fizz": {
            "AllowValues": "true, false",
            "Default": "true"
        },
        "George": {
            "AllowValues": "true, false",
            "Default": "true"
        },
        "Gil": {
            "AllowValues": "true, false",
            "Default": "true"
        },
        "Governor": {
            "AllowValues": "true, false",
            "Default": "true"
        },
        "Grandpa": {
            "AllowValues": "true, false",
            "Default": "true"
        },
        "Gunther": {
            "AllowValues": "true, false",
            "Default": "true"
        },
        "Gus": {
            "AllowValues": "true, false",
            "Default": "true"
        },
        "Haley": {
            "AllowValues": "true, false",
            "Default": "true"
        },
        "Henchman": {
            "AllowValues": "true, false",
            "Default": "true"
        },
        "Jas": {
            "AllowValues": "true, false",
            "Default": "true"
        },
        "Kent": {
            "AllowValues": "true, false",
            "Default": "true"
        },
        "Krobus": {
            "AllowValues": "true, false",
            "Default": "true"
        },
        "Leah": {
            "AllowValues": "true, false",
            "Default": "true"
        },
        "Lewis": {
            "AllowValues": "true, false",
            "Default": "true"
        },
        "Linus": {
            "AllowValues": "true, false",
            "Default": "true"
        },
        "Marlon": {
            "AllowValues": "true, false",
            "Default": "true"
        },
        "Marnie": {
            "AllowValues": "true, false",
            "Default": "true"
        },
        "Maru": {
            "AllowValues": "true, false",
            "Default": "true"
        },
        "Morris": {
            "AllowValues": "true, false",
            "Default": "true"
        },
        "MrQi": {
            "AllowValues": "true, false",
            "Default": "true"
        },
        "Pam": {
            "AllowValues": "true, false",
            "Default": "true"
        },
        "Parrotboy": {
            "AllowValues": "true, false",
            "Default": "true"
        },
        "Penny": {
            "AllowValues": "true, false",
            "Default": "true"
        },
        "Pierre": {
            "AllowValues": "true, false",
            "Default": "true"
        },
        "SafariGuy": {
            "AllowValues": "true, false",
            "Default": "true"
        },
        "Sam": {
            "AllowValues": "true, false",
            "Default": "true"
        },
        "Sandy": {
            "AllowValues": "true, false",
            "Default": "true"
        },
        "Sebastian": {
            "AllowValues": "true, false",
            "Default": "true"
        },
        "Shane": {
            "AllowValues": "true, false",
            "Default": "true"
        },
        "Vincent": {
            "AllowValues": "true, false",
            "Default": "true"
        },
        "Willy": {
            "AllowValues": "true, false",
            "Default": "true"
        },
        "Wizard": {
            "AllowValues": "true, false",
            "Default": "true"
        }
    },
    "Changes": [
        {
            "Action": "EditData",
            "Target": "{{Platonymous.ScaleUp/Assets}}",
            "Entries": {
                "Playtonymous.ScaleUpcompatSHIE_Elliott": {
                    "Asset": "Portraits/Elliott",
                    "Scale": 4
                }
            },
            "When": {
                "Elliott": "default, younger"
            }
        },
        {
            "Action": "EditData",
            "Target": "{{Platonymous.ScaleUp/Assets}}",
            "Entries": {
                "Playtonymous.ScaleUpcompatSHIE_Elliott_Beach": {
                    "Asset": "Portraits/Elliott_Beach",
                    "Scale": 4
                }
            },
            "When": {
                "Elliott": "default, younger"
            }
        },
        {
            "Action": "EditData",
            "Target": "{{Platonymous.ScaleUp/Assets}}",
            "Entries": {
                "Playtonymous.ScaleUpcompatSHIE_Elliott_Winter": {
                    "Asset": "Portraits/Elliott_Winter",
                    "Scale": 4
                }
            },
            "When": {
                "Elliott": "default, younger"
            }
        },
        {
            "Action": "EditData",
            "Target": "{{Platonymous.ScaleUp/Assets}}",
            "Entries": {
                "Playtonymous.ScaleUpcompatSHIE_Harvey": {
                    "Asset": "Portraits/Harvey",
                    "Scale": 4
                }
            },
            "When": {
                "Harvey": "default, younger, beardless, younger_beardless"
            }
        },
        {
            "Action": "EditData",
            "Target": "{{Platonymous.ScaleUp/Assets}}",
            "Entries": {
                "Playtonymous.ScaleUpcompatSHIE_Harvey_Beach": {
                    "Asset": "Portraits/Harvey_Beach",
                    "Scale": 4
                }
            },
            "When": {
                "Harvey": "default, younger, beardless, younger_beardless"
            }
        },
        {
            "Action": "EditData",
            "Target": "{{Platonymous.ScaleUp/Assets}}",
            "Entries": {
                "Playtonymous.ScaleUpcompatSHIE_Harvey_Winter": {
                    "Asset": "Portraits/Harvey_Winter",
                    "Scale": 4
                }
            },
            "When": {
                "Harvey": "default, younger, beardless, younger_beardless"
            }
        },
        {
            "Action": "EditData",
            "Target": "{{Platonymous.ScaleUp/Assets}}",
            "Entries": {
                "Playtonymous.ScaleUpcompatSHIE_Krobus": {
                    "Asset": "Portraits/Krobus",
                    "Scale": 4
                }
            },
            "When": {
                "Krobus": "true"
            }
        },
        {
            "Action": "EditData",
            "Target": "{{Platonymous.ScaleUp/Assets}}",
            "Entries": {
                "Playtonymous.ScaleUpcompatSHIE_Krobus_Trenchcoat": {
                    "Asset": "Portraits/Krobus_Trenchcoat",
                    "Scale": 4
                }
            },
            "When": {
                "Krobus": "true"
            }
        },
        {
            "Action": "EditData",
            "Target": "{{Platonymous.ScaleUp/Assets}}",
            "Entries": {
                "Playtonymous.ScaleUpcompatSHIE_Abigail": {
                    "Asset": "Portraits/Abigail",
                    "Scale": 4
                }
            },
            "When": {
                "Abigail": "true"
            }
        },
        {
            "Action": "EditData",
            "Target": "{{Platonymous.ScaleUp/Assets}}",
            "Entries": {
                "Playtonymous.ScaleUpcompatSHIE_Abigail_Beach": {
                    "Asset": "Portraits/Abigail_Beach",
                    "Scale": 4
                }
            },
            "When": {
                "Abigail": "true"
            }
        },
        {
            "Action": "EditData",
            "Target": "{{Platonymous.ScaleUp/Assets}}",
            "Entries": {
                "Playtonymous.ScaleUpcompatSHIE_Abigail_Winter": {
                    "Asset": "Portraits/Abigail_Winter",
                    "Scale": 4
                }
            },
            "When": {
                "Abigail": "true"
            }
        },
        {
            "Action": "EditData",
            "Target": "{{Platonymous.ScaleUp/Assets}}",
            "Entries": {
                "Playtonymous.ScaleUpcompatSHIE_Alex": {
                    "Asset": "Portraits/Alex",
                    "Scale": 4
                }
            },
            "When": {
                "Alex": "true"
            }
        },
        {
            "Action": "EditData",
            "Target": "{{Platonymous.ScaleUp/Assets}}",
            "Entries": {
                "Playtonymous.ScaleUpcompatSHIE_Alex_Beach": {
                    "Asset": "Portraits/Alex_Beach",
                    "Scale": 4
                }
            },
            "When": {
                "Alex": "true"
            }
        },
        {
            "Action": "EditData",
            "Target": "{{Platonymous.ScaleUp/Assets}}",
            "Entries": {
                "Playtonymous.ScaleUpcompatSHIE_Alex_Winter": {
                    "Asset": "Portraits/Alex_Winter",
                    "Scale": 4
                }
            },
            "When": {
                "Alex": "true"
            }
        },
        {
            "Action": "EditData",
            "Target": "{{Platonymous.ScaleUp/Assets}}",
            "Entries": {
                "Playtonymous.ScaleUpcompatSHIE_Bear": {
                    "Asset": "Portraits/Bear",
                    "Scale": 4
                }
            },
            "When": {
                "Bear": "true"
            }
        },
        {
            "Action": "EditData",
            "Target": "{{Platonymous.ScaleUp/Assets}}",
            "Entries": {
                "Playtonymous.ScaleUpcompatSHIE_Birdie": {
                    "Asset": "Portraits/Birdie",
                    "Scale": 4
                }
            },
            "When": {
                "Birdie": "true"
            }
        },
        {
            "Action": "EditData",
            "Target": "{{Platonymous.ScaleUp/Assets}}",
            "Entries": {
                "Playtonymous.ScaleUpcompatSHIE_Bouncer": {
                    "Asset": "Portraits/Bouncer",
                    "Scale": 4
                }
            },
            "When": {
                "Bouncer": "true"
            }
        },
        {
            "Action": "EditData",
            "Target": "{{Platonymous.ScaleUp/Assets}}",
            "Entries": {
                "Playtonymous.ScaleUpcompatSHIE_Caroline": {
                    "Asset": "Portraits/Caroline",
                    "Scale": 4
                }
            },
            "When": {
                "Caroline": "default, younger"
            }
        },
        {
            "Action": "EditData",
            "Target": "{{Platonymous.ScaleUp/Assets}}",
            "Entries": {
                "Playtonymous.ScaleUpcompatSHIE_Caroline_Beach": {
                    "Asset": "Portraits/Caroline_Beach",
                    "Scale": 4
                }
            },
            "When": {
                "Caroline": "default, younger"
            }
        },
        {
            "Action": "EditData",
            "Target": "{{Platonymous.ScaleUp/Assets}}",
            "Entries": {
                "Playtonymous.ScaleUpcompatSHIE_Caroline_Winter": {
                    "Asset": "Portraits/Caroline_Winter",
                    "Scale": 4
                }
            },
            "When": {
                "Caroline": "default, younger"
            }
        },
        {
            "Action": "EditData",
            "Target": "{{Platonymous.ScaleUp/Assets}}",
            "Entries": {
                "Playtonymous.ScaleUpcompatSHIE_Clint": {
                    "Asset": "Portraits/Clint",
                    "Scale": 4
                }
            },
            "When": {
                "Clint": "default, younger"
            }
        },
        {
            "Action": "EditData",
            "Target": "{{Platonymous.ScaleUp/Assets}}",
            "Entries": {
                "Playtonymous.ScaleUpcompatSHIE_Clint_Beach": {
                    "Asset": "Portraits/Clint_Beach",
                    "Scale": 4
                }
            },
            "When": {
                "Clint": "default, younger"
            }
        },
        {
            "Action": "EditData",
            "Target": "{{Platonymous.ScaleUp/Assets}}",
            "Entries": {
                "Playtonymous.ScaleUpcompatSHIE_Clint_Winter": {
                    "Asset": "Portraits/Clint_Winter",
                    "Scale": 4
                }
            },
            "When": {
                "Clint": "default, younger"
            }
        },
        {
            "Action": "EditData",
            "Target": "{{Platonymous.ScaleUp/Assets}}",
            "Entries": {
                "Playtonymous.ScaleUpcompatSHIE_Demetrius": {
                    "Asset": "Portraits/Demetrius",
                    "Scale": 4
                }
            },
            "When": {
                "Demetrius": "true"
            }
        },
        {
            "Action": "EditData",
            "Target": "{{Platonymous.ScaleUp/Assets}}",
            "Entries": {
                "Playtonymous.ScaleUpcompatSHIE_Demetrius_Winter": {
                    "Asset": "Portraits/Demetrius_Winter",
                    "Scale": 4
                }
            },
            "When": {
                "Demetrius": "true"
            }
        },
        {
            "Action": "EditData",
            "Target": "{{Platonymous.ScaleUp/Assets}}",
            "Entries": {
                "Playtonymous.ScaleUpcompatSHIE_Dobson": {
                    "Asset": "Portraits/Dobson",
                    "Scale": 4
                }
            },
            "When": {
                "Dobson": "true"
            }
        },
        {
            "Action": "EditData",
            "Target": "{{Platonymous.ScaleUp/Assets}}",
            "Entries": {
                "Playtonymous.ScaleUpcompatSHIE_Dwarf": {
                    "Asset": "Portraits/Dwarf",
                    "Scale": 4
                }
            },
            "When": {
                "Dwarf": "true"
            }
        },
        {
            "Action": "EditData",
            "Target": "{{Platonymous.ScaleUp/Assets}}",
            "Entries": {
                "Playtonymous.ScaleUpcompatSHIE_Emily": {
                    "Asset": "Portraits/Emily",
                    "Scale": 4
                }
            },
            "When": {
                "Emily": "true"
            }
        },
        {
            "Action": "EditData",
            "Target": "{{Platonymous.ScaleUp/Assets}}",
            "Entries": {
                "Playtonymous.ScaleUpcompatSHIE_Emily_Beach": {
                    "Asset": "Portraits/Emily_Beach",
                    "Scale": 4
                }
            },
            "When": {
                "Emily": "true"
            }
        },
        {
            "Action": "EditData",
            "Target": "{{Platonymous.ScaleUp/Assets}}",
            "Entries": {
                "Playtonymous.ScaleUpcompatSHIE_Emily_Winter": {
                    "Asset": "Portraits/Emily_Winter",
                    "Scale": 4
                }
            },
            "When": {
                "Emily": "true"
            }
        },
        {
            "Action": "EditData",
            "Target": "{{Platonymous.ScaleUp/Assets}}",
            "Entries": {
                "Playtonymous.ScaleUpcompatSHIE_Evelyn": {
                    "Asset": "Portraits/Evelyn",
                    "Scale": 4
                }
            },
            "When": {
                "Evelyn": "true"
            }
        },
        {
            "Action": "EditData",
            "Target": "{{Platonymous.ScaleUp/Assets}}",
            "Entries": {
                "Playtonymous.ScaleUpcompatSHIE_Evelyn_Winter": {
                    "Asset": "Portraits/Evelyn_Winter",
                    "Scale": 4
                }
            },
            "When": {
                "Evelyn": "true"
            }
        },
        {
            "Action": "EditData",
            "Target": "{{Platonymous.ScaleUp/Assets}}",
            "Entries": {
                "Playtonymous.ScaleUpcompatSHIE_George": {
                    "Asset": "Portraits/George",
                    "Scale": 4
                }
            },
            "When": {
                "George": "true"
            }
        },
        {
            "Action": "EditData",
            "Target": "{{Platonymous.ScaleUp/Assets}}",
            "Entries": {
                "Playtonymous.ScaleUpcompatSHIE_George_Winter": {
                    "Asset": "Portraits/George_Winter",
                    "Scale": 4
                }
            },
            "When": {
                "George": "true"
            }
        },
        {
            "Action": "EditData",
            "Target": "{{Platonymous.ScaleUp/Assets}}",
            "Entries": {
                "Playtonymous.ScaleUpcompatSHIE_Gil": {
                    "Asset": "Portraits/Gil",
                    "Scale": 4
                }
            },
            "When": {
                "Gil": "true"
            }
        },
        {
            "Action": "EditData",
            "Target": "{{Platonymous.ScaleUp/Assets}}",
            "Entries": {
                "Playtonymous.ScaleUpcompatSHIE_Governor": {
                    "Asset": "Portraits/Governor",
                    "Scale": 4
                }
            },
            "When": {
                "Governor": "true"
            }
        },
        {
            "Action": "EditData",
            "Target": "{{Platonymous.ScaleUp/Assets}}",
            "Entries": {
                "Playtonymous.ScaleUpcompatSHIE_Grandpa": {
                    "Asset": "Portraits/Grandpa",
                    "Scale": 4
                }
            },
            "When": {
                "Grandpa": "true"
            }
        },
        {
            "Action": "EditData",
            "Target": "{{Platonymous.ScaleUp/Assets}}",
            "Entries": {
                "Playtonymous.ScaleUpcompatSHIE_Gunther": {
                    "Asset": "Portraits/Gunther",
                    "Scale": 4
                }
            },
            "When": {
                "Gunther": "true"
            }
        },
        {
            "Action": "EditData",
            "Target": "{{Platonymous.ScaleUp/Assets}}",
            "Entries": {
                "Playtonymous.ScaleUpcompatSHIE_Gus": {
                    "Asset": "Portraits/Gus",
                    "Scale": 4
                }
            },
            "When": {
                "Gus": "true"
            }
        },
        {
            "Action": "EditData",
            "Target": "{{Platonymous.ScaleUp/Assets}}",
            "Entries": {
                "Playtonymous.ScaleUpcompatSHIE_Gus_Winter": {
                    "Asset": "Portraits/Gus_Winter",
                    "Scale": 4
                }
            },
            "When": {
                "Gus": "true"
            }
        },
        {
            "Action": "EditData",
            "Target": "{{Platonymous.ScaleUp/Assets}}",
            "Entries": {
                "Playtonymous.ScaleUpcompatSHIE_Haley": {
                    "Asset": "Portraits/Haley",
                    "Scale": 4
                }
            },
            "When": {
                "Haley": "true"
            }
        },
        {
            "Action": "EditData",
            "Target": "{{Platonymous.ScaleUp/Assets}}",
            "Entries": {
                "Playtonymous.ScaleUpcompatSHIE_Haley_Beach": {
                    "Asset": "Portraits/Haley_Beach",
                    "Scale": 4
                }
            },
            "When": {
                "Haley": "true"
            }
        },
        {
            "Action": "EditData",
            "Target": "{{Platonymous.ScaleUp/Assets}}",
            "Entries": {
                "Playtonymous.ScaleUpcompatSHIE_Haley_Winter": {
                    "Asset": "Portraits/Haley_Winter",
                    "Scale": 4
                }
            },
            "When": {
                "Haley": "true"
            }
        },
        {
            "Action": "EditData",
            "Target": "{{Platonymous.ScaleUp/Assets}}",
            "Entries": {
                "Playtonymous.ScaleUpcompatSHIE_Henchman": {
                    "Asset": "Portraits/Henchman",
                    "Scale": 4
                }
            },
            "When": {
                "Henchman": "true"
            }
        },
        {
            "Action": "EditData",
            "Target": "{{Platonymous.ScaleUp/Assets}}",
            "Entries": {
                "Playtonymous.ScaleUpcompatSHIE_Jas": {
                    "Asset": "Portraits/Jas",
                    "Scale": 4
                }
            },
            "When": {
                "Jas": "true"
            }
        },
        {
            "Action": "EditData",
            "Target": "{{Platonymous.ScaleUp/Assets}}",
            "Entries": {
                "Playtonymous.ScaleUpcompatSHIE_Jas_Winter": {
                    "Asset": "Portraits/Jas_Winter",
                    "Scale": 4
                }
            },
            "When": {
                "Jas": "true"
            }
        },
        {
            "Action": "EditData",
            "Target": "{{Platonymous.ScaleUp/Assets}}",
            "Entries": {
                "Playtonymous.ScaleUpcompatSHIE_Jodi": {
                    "Asset": "Portraits/Jodi",
                    "Scale": 4
                }
            },
            "When": {
                "Jodi": "default, younger, hairbrown, younger_hairbrown"
            }
        },
        {
            "Action": "EditData",
            "Target": "{{Platonymous.ScaleUp/Assets}}",
            "Entries": {
                "Playtonymous.ScaleUpcompatSHIE_Jodi_Winter": {
                    "Asset": "Portraits/Jodi_Winter",
                    "Scale": 4
                }
            },
            "When": {
                "Jodi": "default, younger, hairbrown, younger_hairbrown"
            }
        },
        {
            "Action": "EditData",
            "Target": "{{Platonymous.ScaleUp/Assets}}",
            "Entries": {
                "Playtonymous.ScaleUpcompatSHIE_Jodi_Beach": {
                    "Asset": "Portraits/Jodi_Beach",
                    "Scale": 4
                }
            },
            "When": {
                "Jodi": "default, younger, hairbrown, younger_hairbrown"
            }
        },
        {
            "Action": "EditData",
            "Target": "{{Platonymous.ScaleUp/Assets}}",
            "Entries": {
                "Playtonymous.ScaleUpcompatSHIE_Kent": {
                    "Asset": "Portraits/Kent",
                    "Scale": 4
                }
            },
            "When": {
                "Kent": "true"
            }
        },
        {
            "Action": "EditData",
            "Target": "{{Platonymous.ScaleUp/Assets}}",
            "Entries": {
                "Playtonymous.ScaleUpcompatSHIE_Kent_Winter": {
                    "Asset": "Portraits/Kent_Winter",
                    "Scale": 4
                }
            },
            "When": {
                "Kent": "true"
            }
        },
        {
            "Action": "EditData",
            "Target": "{{Platonymous.ScaleUp/Assets}}",
            "Entries": {
                "Playtonymous.ScaleUpcompatSHIE_Leah": {
                    "Asset": "Portraits/Leah",
                    "Scale": 4
                }
            },
            "When": {
                "Leah": "true"
            }
        },
        {
            "Action": "EditData",
            "Target": "{{Platonymous.ScaleUp/Assets}}",
            "Entries": {
                "Playtonymous.ScaleUpcompatSHIE_Leah_Beach": {
                    "Asset": "Portraits/Leah_Beach",
                    "Scale": 4
                }
            },
            "When": {
                "Leah": "true"
            }
        },
        {
            "Action": "EditData",
            "Target": "{{Platonymous.ScaleUp/Assets}}",
            "Entries": {
                "Playtonymous.ScaleUpcompatSHIE_Leah_Winter": {
                    "Asset": "Portraits/Leah_Winter",
                    "Scale": 4
                }
            },
            "When": {
                "Leah": "true"
            }
        },
        {
            "Action": "EditData",
            "Target": "{{Platonymous.ScaleUp/Assets}}",
            "Entries": {
                "Playtonymous.ScaleUpcompatSHIE_Lewis": {
                    "Asset": "Portraits/Lewis",
                    "Scale": 4
                }
            },
            "When": {
                "Lewis": "true"
            }
        },
        {
            "Action": "EditData",
            "Target": "{{Platonymous.ScaleUp/Assets}}",
            "Entries": {
                "Playtonymous.ScaleUpcompatSHIE_Lewis_Winter": {
                    "Asset": "Portraits/Lewis_Winter",
                    "Scale": 4
                }
            },
            "When": {
                "Lewis": "true"
            }
        },
        {
            "Action": "EditData",
            "Target": "{{Platonymous.ScaleUp/Assets}}",
            "Entries": {
                "Playtonymous.ScaleUpcompatSHIE_Linus": {
                    "Asset": "Portraits/Linus",
                    "Scale": 4
                }
            },
            "When": {
                "Linus": "true"
            }
        },
        {
            "Action": "EditData",
            "Target": "{{Platonymous.ScaleUp/Assets}}",
            "Entries": {
                "Playtonymous.ScaleUpcompatSHIE_Linus_Winter": {
                    "Asset": "Portraits/Linus_Winter",
                    "Scale": 4
                }
            },
            "When": {
                "Linus": "true"
            }
        },
        {
            "Action": "EditData",
            "Target": "{{Platonymous.ScaleUp/Assets}}",
            "Entries": {
                "Playtonymous.ScaleUpcompatSHIE_Marlon": {
                    "Asset": "Portraits/Marlon",
                    "Scale": 4
                }
            },
            "When": {
                "Marlon": "true"
            }
        },
        {
            "Action": "EditData",
            "Target": "{{Platonymous.ScaleUp/Assets}}",
            "Entries": {
                "Playtonymous.ScaleUpcompatSHIE_Marnie": {
                    "Asset": "Portraits/Marnie",
                    "Scale": 4
                }
            },
            "When": {
                "Marnie": "true"
            }
        },
        {
            "Action": "EditData",
            "Target": "{{Platonymous.ScaleUp/Assets}}",
            "Entries": {
                "Playtonymous.ScaleUpcompatSHIE_Marnie_Winter": {
                    "Asset": "Portraits/Marnie_Winter",
                    "Scale": 4
                }
            },
            "When": {
                "Marnie": "true"
            }
        },
        {
            "Action": "EditData",
            "Target": "{{Platonymous.ScaleUp/Assets}}",
            "Entries": {
                "Playtonymous.ScaleUpcompatSHIE_Marnie_Beach": {
                    "Asset": "Portraits/Marnie_Beach",
                    "Scale": 4
                }
            },
            "When": {
                "Marnie": "true"
            }
        },
        {
            "Action": "EditData",
            "Target": "{{Platonymous.ScaleUp/Assets}}",
            "Entries": {
                "Playtonymous.ScaleUpcompatSHIE_Maru": {
                    "Asset": "Portraits/Maru",
                    "Scale": 4
                }
            },
            "When": {
                "Maru": "true"
            }
        },
        {
            "Action": "EditData",
            "Target": "{{Platonymous.ScaleUp/Assets}}",
            "Entries": {
                "Playtonymous.ScaleUpcompatSHIE_Maru_Beach": {
                    "Asset": "Portraits/Maru_Beach",
                    "Scale": 4
                }
            },
            "When": {
                "Maru": "true"
            }
        },
        {
            "Action": "EditData",
            "Target": "{{Platonymous.ScaleUp/Assets}}",
            "Entries": {
                "Playtonymous.ScaleUpcompatSHIE_Maru_Hospital": {
                    "Asset": "Portraits/Maru_Hospital",
                    "Scale": 4
                }
            },
            "When": {
                "Maru": "true"
            }
        },
        {
            "Action": "EditData",
            "Target": "{{Platonymous.ScaleUp/Assets}}",
            "Entries": {
                "Playtonymous.ScaleUpcompatSHIE_Maru_Winter": {
                    "Asset": "Portraits/Maru_Winter",
                    "Scale": 4
                }
            },
            "When": {
                "Maru": "true"
            }
        },
        {
            "Action": "EditData",
            "Target": "{{Platonymous.ScaleUp/Assets}}",
            "Entries": {
                "Playtonymous.ScaleUpcompatSHIE_Morris": {
                    "Asset": "Portraits/Morris",
                    "Scale": 4
                }
            },
            "When": {
                "Morris": "true"
            }
        },
        {
            "Action": "EditData",
            "Target": "{{Platonymous.ScaleUp/Assets}}",
            "Entries": {
                "Playtonymous.ScaleUpcompatSHIE_MrQi": {
                    "Asset": "Portraits/MrQi",
                    "Scale": 4
                }
            },
            "When": {
                "MrQi": "true"
            }
        },
        {
            "Action": "EditData",
            "Target": "{{Platonymous.ScaleUp/Assets}}",
            "Entries": {
                "Playtonymous.ScaleUpcompatSHIE_Pam": {
                    "Asset": "Portraits/Pam",
                    "Scale": 4
                }
            },
            "When": {
                "Pam": "true"
            }
        },
        {
            "Action": "EditData",
            "Target": "{{Platonymous.ScaleUp/Assets}}",
            "Entries": {
                "Playtonymous.ScaleUpcompatSHIE_Pam_Beach": {
                    "Asset": "Portraits/Pam_Beach",
                    "Scale": 4
                }
            },
            "When": {
                "Pam": "true"
            }
        },
        {
            "Action": "EditData",
            "Target": "{{Platonymous.ScaleUp/Assets}}",
            "Entries": {
                "Playtonymous.ScaleUpcompatSHIE_Pam_Winter": {
                    "Asset": "Portraits/Pam_Winter",
                    "Scale": 4
                }
            },
            "When": {
                "Pam": "true"
            }
        },
        {
            "Action": "EditData",
            "Target": "{{Platonymous.ScaleUp/Assets}}",
            "Entries": {
                "Playtonymous.ScaleUpcompatSHIE_ParrotBoy": {
                    "Asset": "Portraits/ParrotBoy",
                    "Scale": 4
                }
            },
            "When": {
                "ParrotBoy": "true"
            }
        },
        {
            "Action": "EditData",
            "Target": "{{Platonymous.ScaleUp/Assets}}",
            "Entries": {
                "Playtonymous.ScaleUpcompatSHIE_ParrotBoy_Winter": {
                    "Asset": "Portraits/ParrotBoy_Winter",
                    "Scale": 4
                }
            },
            "When": {
                "ParrotBoy": "true"
            }
        },
        {
            "Action": "EditData",
            "Target": "{{Platonymous.ScaleUp/Assets}}",
            "Entries": {
                "Playtonymous.ScaleUpcompatSHIE_Penny": {
                    "Asset": "Portraits/Penny",
                    "Scale": 4
                }
            },
            "When": {
                "Penny": "true"
            }
        },
        {
            "Action": "EditData",
            "Target": "{{Platonymous.ScaleUp/Assets}}",
            "Entries": {
                "Playtonymous.ScaleUpcompatSHIE_Penny_Beach": {
                    "Asset": "Portraits/Penny_Beach",
                    "Scale": 4
                }
            },
            "When": {
                "Penny": "true"
            }
        },
        {
            "Action": "EditData",
            "Target": "{{Platonymous.ScaleUp/Assets}}",
            "Entries": {
                "Playtonymous.ScaleUpcompatSHIE_Penny_Winter": {
                    "Asset": "Portraits/Penny_Winter",
                    "Scale": 4
                }
            },
            "When": {
                "Penny": "true"
            }
        },
        {
            "Action": "EditData",
            "Target": "{{Platonymous.ScaleUp/Assets}}",
            "Entries": {
                "Playtonymous.ScaleUpcompatSHIE_Pierre": {
                    "Asset": "Portraits/Pierre",
                    "Scale": 4
                }
            },
            "When": {
                "Pierre": "true"
            }
        },
        {
            "Action": "EditData",
            "Target": "{{Platonymous.ScaleUp/Assets}}",
            "Entries": {
                "Playtonymous.ScaleUpcompatSHIE_Pierre_Beach": {
                    "Asset": "Portraits/Pierre_Beach",
                    "Scale": 4
                }
            },
            "When": {
                "Pierre": "true"
            }
        },
        {
            "Action": "EditData",
            "Target": "{{Platonymous.ScaleUp/Assets}}",
            "Entries": {
                "Playtonymous.ScaleUpcompatSHIE_Pierre_Winter": {
                    "Asset": "Portraits/Pierre_Winter",
                    "Scale": 4
                }
            },
            "When": {
                "Pierre": "true"
            }
        },
        {
            "Action": "EditData",
            "Target": "{{Platonymous.ScaleUp/Assets}}",
            "Entries": {
                "Playtonymous.ScaleUpcompatSHIE_Robin": {
                    "Asset": "Portraits/Robin",
                    "Scale": 4
                }
            },
            "When": {
                "Robin": "default, younger"
            }
        },
        {
            "Action": "EditData",
            "Target": "{{Platonymous.ScaleUp/Assets}}",
            "Entries": {
                "Playtonymous.ScaleUpcompatSHIE_Robin_Beach": {
                    "Asset": "Portraits/Robin_Beach",
                    "Scale": 4
                }
            },
            "When": {
                "Robin": "default, younger"
            }
        },
        {
            "Action": "EditData",
            "Target": "{{Platonymous.ScaleUp/Assets}}",
            "Entries": {
                "Playtonymous.ScaleUpcompatSHIE_Robin_Winter": {
                    "Asset": "Portraits/Robin_Winter",
                    "Scale": 4
                }
            },
            "When": {
                "Robin": "default, younger"
            }
        },
        {
            "Action": "EditData",
            "Target": "{{Platonymous.ScaleUp/Assets}}",
            "Entries": {
                "Playtonymous.ScaleUpcompatSHIE_SafariGuy": {
                    "Asset": "Portraits/SafariGuy",
                    "Scale": 4
                }
            },
            "When": {
                "SafariGuy": "true"
            }
        },
        {
            "Action": "EditData",
            "Target": "{{Platonymous.ScaleUp/Assets}}",
            "Entries": {
                "Playtonymous.ScaleUpcompatSHIE_Sam": {
                    "Asset": "Portraits/Sam",
                    "Scale": 4
                }
            },
            "When": {
                "Sam": "true"
            }
        },
        {
            "Action": "EditData",
            "Target": "{{Platonymous.ScaleUp/Assets}}",
            "Entries": {
                "Playtonymous.ScaleUpcompatSHIE_Sam_Beach": {
                    "Asset": "Portraits/Sam_Beach",
                    "Scale": 4
                }
            },
            "When": {
                "Sam": "true"
            }
        },
        {
            "Action": "EditData",
            "Target": "{{Platonymous.ScaleUp/Assets}}",
            "Entries": {
                "Playtonymous.ScaleUpcompatSHIE_Sam_Winter": {
                    "Asset": "Portraits/Sam_Winter",
                    "Scale": 4
                }
            },
            "When": {
                "Sam": "true"
            }
        },
        {
            "Action": "EditData",
            "Target": "{{Platonymous.ScaleUp/Assets}}",
            "Entries": {
                "Playtonymous.ScaleUpcompatSHIE_Sandy": {
                    "Asset": "Portraits/Sandy",
                    "Scale": 4
                }
            },
            "When": {
                "Sandy": "true"
            }
        },
        {
            "Action": "EditData",
            "Target": "{{Platonymous.ScaleUp/Assets}}",
            "Entries": {
                "Playtonymous.ScaleUpcompatSHIE_Sebastian": {
                    "Asset": "Portraits/Sebastian",
                    "Scale": 4
                }
            },
            "When": {
                "Sebastian": "true"
            }
        },
        {
            "Action": "EditData",
            "Target": "{{Platonymous.ScaleUp/Assets}}",
            "Entries": {
                "Playtonymous.ScaleUpcompatSHIE_Sebastian_Beach": {
                    "Asset": "Portraits/Sebastian_Beach",
                    "Scale": 4
                }
            },
            "When": {
                "Sebastian": "true"
            }
        },
        {
            "Action": "EditData",
            "Target": "{{Platonymous.ScaleUp/Assets}}",
            "Entries": {
                "Playtonymous.ScaleUpcompatSHIE_Sebastian_Winter": {
                    "Asset": "Portraits/Sebastian_Winter",
                    "Scale": 4
                }
            },
            "When": {
                "Sebastian": "true"
            }
        },
        {
            "Action": "EditData",
            "Target": "{{Platonymous.ScaleUp/Assets}}",
            "Entries": {
                "Playtonymous.ScaleUpcompatSHIE_Shane": {
                    "Asset": "Portraits/Shane",
                    "Scale": 4
                }
            },
            "When": {
                "Shane": "true"
            }
        },
        {
            "Action": "EditData",
            "Target": "{{Platonymous.ScaleUp/Assets}}",
            "Entries": {
                "Playtonymous.ScaleUpcompatSHIE_Shane_Beach": {
                    "Asset": "Portraits/Shane_Beach",
                    "Scale": 4
                }
            },
            "When": {
                "Shane": "true"
            }
        },
        {
            "Action": "EditData",
            "Target": "{{Platonymous.ScaleUp/Assets}}",
            "Entries": {
                "Playtonymous.ScaleUpcompatSHIE_Shane_Winter": {
                    "Asset": "Portraits/Shane_Winter",
                    "Scale": 4
                }
            },
            "When": {
                "Shane": "true"
            }
        },
        {
            "Action": "EditData",
            "Target": "{{Platonymous.ScaleUp/Assets}}",
            "Entries": {
                "Playtonymous.ScaleUpcompatSHIE_Vincent": {
                    "Asset": "Portraits/Vincent",
                    "Scale": 4
                }
            },
            "When": {
                "Vincent": "true"
            }
        },
        {
            "Action": "EditData",
            "Target": "{{Platonymous.ScaleUp/Assets}}",
            "Entries": {
                "Playtonymous.ScaleUpcompatSHIE_Vincent_Winter": {
                    "Asset": "Portraits/Vincent_Winter",
                    "Scale": 4
                }
            },
            "When": {
                "Vincent": "true"
            }
        },
        {
            "Action": "EditData",
            "Target": "{{Platonymous.ScaleUp/Assets}}",
            "Entries": {
                "Playtonymous.ScaleUpcompatSHIE_Willy": {
                    "Asset": "Portraits/Willy",
                    "Scale": 4
                }
            },
            "When": {
                "Willy": "true"
            }
        },
        {
            "Action": "EditData",
            "Target": "{{Platonymous.ScaleUp/Assets}}",
            "Entries": {
                "Playtonymous.ScaleUpcompatSHIE_Willy_Winter": {
                    "Asset": "Portraits/Willy_Winter",
                    "Scale": 4
                }
            },
            "When": {
                "Willy": "true"
            }
        },
        {
            "Action": "EditData",
            "Target": "{{Platonymous.ScaleUp/Assets}}",
            "Entries": {
                "Playtonymous.ScaleUpcompatSHIE_Wizard": {
                    "Asset": "Portraits/Wizard",
                    "Scale": 4
                }
            },
            "When": {
                "Wizard": "true"
            }
        },
        {
            "Action": "EditData",
            "Target": "{{Platonymous.ScaleUp/Assets}}",
            "Entries": {
                "Playtonymous.ScaleUpcompatSHIE_Fizz": {
                    "Asset": "Portraits/Fizz",
                    "Scale": 4
                }
            },
            "When": {
                "Fizz": "true"
            }
        },
        {
            "Action": "EditData",
            "Target": "{{Platonymous.ScaleUp/Assets}}",
            "Entries": {
                "Playtonymous.ScaleUpcompatSHIE_AnsweringMachine": {
                    "Asset": "Portraits/AnsweringMachine",
                    "Scale": 4
                }
            },
            "When": {
                "AnsweringMachine": "true"
            }
        },
        {
            "Action": "Load",
            "Priority": "High",
            "Target": "Portraits/Fizz",
            "FromFile": "assets/Fizz.png",
            "When": {
                "Fizz": "true"
            }
        },
        {
            "Action": "Load",
            "Priority": "High",
            "Target": "Portraits/AnsweringMachine",
            "FromFile": "assets/AnsweringMachine.png",
            "When": {
                "AnsweringMachine": "true"
            }
        },
        {
            "Action": "Load",
            "Priority": "High",
            "Target": "Portraits/Bear",
            "FromFile": "assets/Bear.png",
            "When": {
                "Bear": "true"
            }
        },
        {
            "Action": "Load",
            "Priority": "High",
            "Target": "Portraits/Dobson",
            "FromFile": "assets/Dobson.png",
            "When": {
                "Dobson": "true"
            }
        },
        {
            "Action": "Load",
            "Priority": "High",
            "Target": "Portraits/Grandpa",
            "FromFile": "assets/Grandpa.png",
            "When": {
                "Grandpa": "true"
            }
        },
        {
            "Action": "Load",
            "Priority": "High",
            "Target": "Portraits/Henchman",
            "FromFile": "assets/Henchman.png",
            "When": {
                "Henchman": "true"
            }
        },
        {
            "Action": "Load",
            "Priority": "High",
            "Target": "Portraits/Krobus",
            "FromFile": "assets/Krobus.png",
            "When": {
                "Krobus": "true"
            }
        },
        {
            "Action": "Load",
            "Priority": "High",
            "Target": "Portraits/Krobus_Trenchcoat",
            "FromFile": "assets/Krobus_Trenchcoat.png",
            "When": {
                "Krobus": "true"
            }
        },
        {
            "Action": "Load",
            "Priority": "High",
            "Target": "Portraits/Abigail",
            "FromFile": "assets/Abigail.png",
            "When": {
                "Abigail": "true"
            }
        },
        {
            "Action": "Load",
            "Priority": "High",
            "Target": "Portraits/Abigail_Winter",
            "FromFile": "assets/Abigail_Winter.png",
            "When": {
                "Abigail": "true"
            }
        },
        {
            "Action": "Load",
            "Priority": "High",
            "Target": "Portraits/Abigail_Beach",
            "FromFile": "assets/Abigail_Beach.png",
            "When": {
                "Abigail": "true"
            }
        },
        {
            "Action": "Load",
            "Priority": "High",
            "Target": "Portraits/Emily",
            "FromFile": "assets/Emily.png",
            "When": {
                "Emily": "true"
            }
        },
        {
            "Action": "Load",
            "Priority": "High",
            "Target": "Portraits/Emily_Winter",
            "FromFile": "assets/Emily_Winter.png",
            "When": {
                "Emily": "true"
            }
        },
        {
            "Action": "Load",
            "Priority": "High",
            "Target": "Portraits/Emily_Beach",
            "FromFile": "assets/Emily_Beach.png",
            "When": {
                "Emily": "true"
            }
        },
        {
            "Action": "Load",
            "Priority": "High",
            "Target": "Portraits/Haley",
            "FromFile": "assets/Haley.png",
            "When": {
                "Haley": "true"
            }
        },
        {
            "Action": "Load",
            "Priority": "High",
            "Target": "Portraits/Haley_Winter",
            "FromFile": "assets/Haley_Winter.png",
            "When": {
                "Haley": "true"
            }
        },
        {
            "Action": "Load",
            "Priority": "High",
            "Target": "Portraits/Haley_Beach",
            "FromFile": "assets/Haley_Beach.png",
            "When": {
                "Haley": "true"
            }
        },
        {
            "Action": "Load",
            "Priority": "High",
            "Target": "Portraits/Leah",
            "FromFile": "assets/Leah.png",
            "When": {
                "Leah": "true"
            }
        },
        {
            "Action": "Load",
            "Priority": "High",
            "Target": "Portraits/Leah_Winter",
            "FromFile": "assets/Leah_Winter.png",
            "When": {
                "Leah": "true"
            }
        },
        {
            "Action": "Load",
            "Priority": "High",
            "Target": "Portraits/Leah_Beach",
            "FromFile": "assets/Leah_Beach.png",
            "When": {
                "Leah": "true"
            }
        },
        {
            "Action": "Load",
            "Priority": "High",
            "Target": "Portraits/Maru",
            "FromFile": "assets/Maru.png",
            "When": {
                "Maru": "true"
            }
        },
        {
            "Action": "Load",
            "Priority": "High",
            "Target": "Portraits/Maru_Winter",
            "FromFile": "assets/Maru_Winter.png",
            "When": {
                "Maru": "true"
            }
        },
        {
            "Action": "Load",
            "Priority": "High",
            "Target": "Portraits/Maru_Hospital",
            "FromFile": "assets/Maru_Hospital.png",
            "When": {
                "Maru": "true"
            }
        },
        {
            "Action": "Load",
            "Priority": "High",
            "Target": "Portraits/Maru_Beach",
            "FromFile": "assets/Maru_Beach.png",
            "When": {
                "Maru": "true"
            }
        },
        {
            "Action": "Load",
            "Priority": "High",
            "Target": "Portraits/Penny",
            "FromFile": "assets/Penny.png",
            "When": {
                "Penny": "true"
            }
        },
        {
            "Action": "Load",
            "Priority": "High",
            "Target": "Portraits/Penny_Winter",
            "FromFile": "assets/Penny_Winter.png",
            "When": {
                "Penny": "true"
            }
        },
        {
            "Action": "Load",
            "Priority": "High",
            "Target": "Portraits/Penny_Beach",
            "FromFile": "assets/Penny_Beach.png",
            "When": {
                "Penny": "true"
            }
        },
        {
            "Action": "Load",
            "Priority": "High",
            "Target": "Portraits/Alex",
            "FromFile": "assets/Alex.png",
            "When": {
                "Alex": "true"
            }
        },
        {
            "Action": "Load",
            "Priority": "High",
            "Target": "Portraits/Alex_Winter",
            "FromFile": "assets/Alex_Winter.png",
            "When": {
                "Alex": "true"
            }
        },
        {
            "Action": "Load",
            "Priority": "High",
            "Target": "Portraits/Alex_Beach",
            "FromFile": "assets/Alex_Beach.png",
            "When": {
                "Alex": "true"
            }
        },
        {
            "Action": "Load",
            "Priority": "High",
            "Target": "Portraits/Elliott",
            "FromFile": "assets/Elliott/{{Elliott}}.png",
            "When": {
                "Elliott": "default, younger"
            }
        },
        {
            "Action": "Load",
            "Priority": "High",
            "Target": "Portraits/Elliott_Winter",
            "FromFile": "assets/Elliott_Winter/{{Elliott}}.png",
            "When": {
                "Elliott": "default, younger"
            }
        },
        {
            "Action": "Load",
            "Priority": "High",
            "Target": "Portraits/Elliott_Beach",
            "FromFile": "assets/Elliott_Beach/{{Elliott}}.png",
            "When": {
                "Elliott": "default, younger"
            }
        },
        {
            "Action": "Load",
            "Priority": "High",
            "Target": "Portraits/Harvey",
            "FromFile": "assets/Harvey/{{Harvey}}.png",
            "When": {
                "Harvey": "default, younger, beardless, younger_beardless"
            }
        },
        {
            "Action": "Load",
            "Priority": "High",
            "Target": "Portraits/Harvey_Winter",
            "FromFile": "assets/Harvey_Winter/{{Harvey}}.png",
            "When": {
                "Harvey": "default, younger, beardless, younger_beardless"
            }
        },
        {
            "Action": "Load",
            "Priority": "High",
            "Target": "Portraits/Harvey_Beach",
            "FromFile": "assets/Harvey_Beach/{{Harvey}}.png",
            "When": {
                "Harvey": "default, younger, beardless, younger_beardless"
            }
        },
        {
            "Action": "Load",
            "Priority": "High",
            "Target": "Portraits/Sam",
            "FromFile": "assets/Sam.png",
            "When": {
                "Sam": "true"
            }
        },
        {
            "Action": "Load",
            "Priority": "High",
            "Target": "Portraits/Sam_Winter",
            "FromFile": "assets/Sam_Winter.png",
            "When": {
                "Sam": "true"
            }
        },
        {
            "Action": "Load",
            "Priority": "High",
            "Target": "Portraits/Sam_Beach",
            "FromFile": "assets/Sam_Beach.png",
            "When": {
                "Sam": "true"
            }
        },
        {
            "Action": "Load",
            "Priority": "High",
            "Target": "Portraits/Sebastian",
            "FromFile": "assets/Sebastian.png",
            "When": {
                "Sebastian": "true"
            }
        },
        {
            "Action": "Load",
            "Priority": "High",
            "Target": "Portraits/Sebastian_Winter",
            "FromFile": "assets/Sebastian_Winter.png",
            "When": {
                "Sebastian": "true"
            }
        },
        {
            "Action": "Load",
            "Priority": "High",
            "Target": "Portraits/Sebastian_Beach",
            "FromFile": "assets/Sebastian_Beach.png",
            "When": {
                "Sebastian": "true"
            }
        },
        {
            "Action": "Load",
            "Priority": "High",
            "Target": "Portraits/Shane",
            "FromFile": "assets/Shane.png",
            "When": {
                "Shane": "true"
            }
        },
        {
            "Action": "Load",
            "Priority": "High",
            "Target": "Portraits/Shane_Winter",
            "FromFile": "assets/Shane_Winter.png",
            "When": {
                "Shane": "true"
            }
        },
        {
            "Action": "Load",
            "Priority": "High",
            "Target": "Portraits/Shane_Beach",
            "FromFile": "assets/Shane_Beach.png",
            "When": {
                "Shane": "true"
            }
        },
        {
            "Action": "Load",
            "Priority": "High",
            "Target": "Portraits/Bouncer",
            "FromFile": "assets/Bouncer.png",
            "When": {
                "Bouncer": "true"
            }
        },
        {
            "Action": "Load",
            "Priority": "High",
            "Target": "Portraits/Birdie",
            "FromFile": "assets/Birdie.png",
            "When": {
                "Birdie": "true"
            }
        },
        {
            "Action": "Load",
            "Priority": "High",
            "Target": "Portraits/Caroline",
            "FromFile": "assets/Caroline/{{Caroline}}.png",
            "When": {
                "Caroline": "default, younger"
            }
        },
        {
            "Action": "Load",
            "Priority": "High",
            "Target": "Portraits/Caroline_Winter",
            "FromFile": "assets/Caroline_Winter/{{Caroline}}.png",
            "When": {
                "Caroline": "default, younger"
            }
        },
        {
            "Action": "Load",
            "Priority": "High",
            "Target": "Portraits/Caroline_Beach",
            "FromFile": "assets/Caroline_Beach/{{Caroline}}.png",
            "When": {
                "Caroline": "default, younger"
            }
        },
        {
            "Action": "Load",
            "Priority": "High",
            "Target": "Portraits/Clint",
            "FromFile": "assets/Clint/{{Clint}}.png",
            "When": {
                "Clint": "default, younger"
            }
        },
        {
            "Action": "Load",
            "Priority": "High",
            "Target": "Portraits/Clint_Winter",
            "FromFile": "assets/Clint_Winter/{{Clint}}.png",
            "When": {
                "Clint": "default, younger"
            }
        },
        {
            "Action": "Load",
            "Priority": "High",
            "Target": "Portraits/Clint_Beach",
            "FromFile": "assets/Clint_Beach/{{Clint}}.png",
            "When": {
                "Clint": "default, younger"
            }
        },
        {
            "Action": "Load",
            "Priority": "High",
            "Target": "Portraits/Demetrius",
            "FromFile": "assets/Demetrius.png",
            "When": {
                "Demetrius": "true"
            }
        },
        {
            "Action": "Load",
            "Priority": "High",
            "Target": "Portraits/Demetrius_Winter",
            "FromFile": "assets/Demetrius_Winter.png",
            "When": {
                "Demetrius": "true"
            }
        },
        {
            "Action": "Load",
            "Priority": "High",
            "Target": "Portraits/Dwarf",
            "FromFile": "assets/Dwarf.png",
            "When": {
                "Dwarf": "true"
            }
        },
        {
            "Action": "Load",
            "Priority": "High",
            "Target": "Portraits/Evelyn",
            "FromFile": "assets/Evelyn.png",
            "When": {
                "Evelyn": "true"
            }
        },
        {
            "Action": "Load",
            "Priority": "High",
            "Target": "Portraits/Evelyn_Winter",
            "FromFile": "assets/Evelyn_Winter.png",
            "When": {
                "Evelyn": "true"
            }
        },
        {
            "Action": "Load",
            "Priority": "High",
            "Target": "Portraits/George",
            "FromFile": "assets/George.png",
            "When": {
                "George": "true"
            }
        },
        {
            "Action": "Load",
            "Priority": "High",
            "Target": "Portraits/George_Winter",
            "FromFile": "assets/George_Winter.png",
            "When": {
                "George": "true"
            }
        },
        {
            "Action": "Load",
            "Priority": "High",
            "Target": "Portraits/Gil",
            "FromFile": "assets/Gil.png",
            "When": {
                "Gil": "true"
            }
        },
        {
            "Action": "Load",
            "Priority": "High",
            "Target": "Portraits/Governor",
            "FromFile": "assets/Governor.png",
            "When": {
                "Governor": "true"
            }
        },
        {
            "Action": "Load",
            "Priority": "High",
            "Target": "Portraits/Gunther",
            "FromFile": "assets/Gunther.png",
            "When": {
                "Gunther": "true"
            }
        },
        {
            "Action": "Load",
            "Priority": "High",
            "Target": "Portraits/Gus",
            "FromFile": "assets/Gus.png",
            "When": {
                "Gus": "true"
            }
        },
        {
            "Action": "Load",
            "Priority": "High",
            "Target": "Portraits/Gus_Winter",
            "FromFile": "assets/Gus_Winter.png",
            "When": {
                "Gus": "true"
            }
        },
        {
            "Action": "Load",
            "Priority": "High",
            "Target": "Portraits/Jas",
            "FromFile": "assets/Jas.png",
            "When": {
                "Jas": "true"
            }
        },
        {
            "Action": "Load",
            "Priority": "High",
            "Target": "Portraits/Jas_Winter",
            "FromFile": "assets/Jas_Winter.png",
            "When": {
                "Jas": "true"
            }
        },
        {
            "Action": "Load",
            "Priority": "High",
            "Target": "Portraits/Jodi",
            "FromFile": "assets/Jodi/{{Jodi}}.png",
            "When": {
                "Jodi": "default, younger, hairbrown, younger_hairbrown, false"
            }
        },
        {
            "Action": "Load",
            "Priority": "High",
            "Target": "Portraits/Jodi_Winter",
            "FromFile": "assets/Jodi_Winter/{{Jodi}}.png",
            "When": {
                "Jodi": "default, younger, hairbrown, younger_hairbrown, false"
            }
        },
        {
            "Action": "Load",
            "Priority": "High",
            "Target": "Portraits/Jodi_Beach",
            "FromFile": "assets/Jodi_Beach/{{Jodi}}.png",
            "When": {
                "Jodi": "default, younger, hairbrown, younger_hairbrown, false"
            }
        },
        {
            "Action": "Load",
            "Priority": "High",
            "Target": "Portraits/Kent",
            "FromFile": "assets/Kent.png",
            "When": {
                "Kent": "true"
            }
        },
        {
            "Action": "Load",
            "Priority": "High",
            "Target": "Portraits/Kent_Winter",
            "FromFile": "assets/Kent_Winter.png",
            "When": {
                "Kent": "true"
            }
        },
        {
            "Action": "Load",
            "Priority": "High",
            "Target": "Portraits/Lewis",
            "FromFile": "assets/Lewis.png",
            "When": {
                "Lewis": "true"
            }
        },
        {
            "Action": "Load",
            "Priority": "High",
            "Target": "Portraits/Lewis_Winter",
            "FromFile": "assets/Lewis_Winter.png",
            "When": {
                "Lewis": "true"
            }
        },
        {
            "Action": "Load",
            "Priority": "High",
            "Target": "Portraits/Linus",
            "FromFile": "assets/Linus.png",
            "When": {
                "Linus": "true"
            }
        },
        {
            "Action": "Load",
            "Priority": "High",
            "Target": "Portraits/Linus_Winter",
            "FromFile": "assets/Linus_Winter.png",
            "When": {
                "Linus": "true"
            }
        },
        {
            "Action": "Load",
            "Priority": "High",
            "Target": "Portraits/Marlon",
            "FromFile": "assets/Marlon.png",
            "When": {
                "Marlon": "true"
            }
        },
        {
            "Action": "Load",
            "Priority": "High",
            "Target": "Portraits/Marnie",
            "FromFile": "assets/Marnie.png",
            "When": {
                "Marnie": "true"
            }
        },
        {
            "Action": "Load",
            "Priority": "High",
            "Target": "Portraits/Marnie_Winter",
            "FromFile": "assets/Marnie_Winter.png",
            "When": {
                "Marnie": "true"
            }
        },
        {
            "Action": "Load",
            "Priority": "High",
            "Target": "Portraits/Marnie_Beach",
            "FromFile": "assets/Marnie_Beach.png",
            "When": {
                "Marnie": "true"
            }
        },
        {
            "Action": "Load",
            "Priority": "High",
            "Target": "Portraits/Morris",
            "FromFile": "assets/Morris.png",
            "When": {
                "Morris": "true"
            }
        },
        {
            "Action": "Load",
            "Priority": "High",
            "Target": "Portraits/MrQi",
            "FromFile": "assets/MrQi.png",
            "When": {
                "MrQi": "true"
            }
        },
        {
            "Action": "Load",
            "Priority": "High",
            "Target": "Portraits/Pam",
            "FromFile": "assets/Pam.png",
            "When": {
                "Pam": "true"
            }
        },
        {
            "Action": "Load",
            "Priority": "High",
            "Target": "Portraits/Pam_Winter",
            "FromFile": "assets/Pam_Winter.png",
            "When": {
                "Pam": "true"
            }
        },
        {
            "Action": "Load",
            "Priority": "High",
            "Target": "Portraits/Pam_Beach",
            "FromFile": "assets/Pam_Beach.png",
            "When": {
                "Pam": "true"
            }
        },
        {
            "Action": "Load",
            "Priority": "High",
            "Target": "Portraits/ParrotBoy",
            "FromFile": "assets/ParrotBoy.png",
            "When": {
                "ParrotBoy": "true"
            }
        },
        {
            "Action": "Load",
            "Priority": "High",
            "Target": "Portraits/ParrotBoy_Winter",
            "FromFile": "assets/ParrotBoy_Winter.png",
            "When": {
                "ParrotBoy": "true"
            }
        },
        {
            "Action": "Load",
            "Priority": "High",
            "Target": "Portraits/Pierre",
            "FromFile": "assets/Pierre.png",
            "When": {
                "Pierre": "true"
            }
        },
        {
            "Action": "Load",
            "Priority": "High",
            "Target": "Portraits/Pierre_Winter",
            "FromFile": "assets/Pierre_Winter.png",
            "When": {
                "Pierre": "true"
            }
        },
        {
            "Action": "Load",
            "Priority": "High",
            "Target": "Portraits/Pierre_Beach",
            "FromFile": "assets/Pierre_Beach.png",
            "When": {
                "Pierre": "true"
            }
        },
        {
            "Action": "Load",
            "Priority": "High",
            "Target": "Portraits/Robin",
            "FromFile": "assets/Robin/{{Robin}}.png",
            "When": {
                "Robin": "default, younger"
            }
        },
        {
            "Action": "Load",
            "Priority": "High",
            "Target": "Portraits/Robin_Winter",
            "FromFile": "assets/Robin_Winter/{{Robin}}.png",
            "When": {
                "Robin": "default, younger"
            }
        },
        {
            "Action": "Load",
            "Priority": "High",
            "Target": "Portraits/Robin_Beach",
            "FromFile": "assets/Robin_Beach/{{Robin}}.png",
            "When": {
                "Robin": "default, younger"
            }
        },
        {
            "Action": "Load",
            "Priority": "High",
            "Target": "Portraits/SafariGuy",
            "FromFile": "assets/SafariGuy.png",
            "When": {
                "SafariGuy": "true"
            }
        },
        {
            "Action": "Load",
            "Priority": "High",
            "Target": "Portraits/Sandy",
            "FromFile": "assets/Sandy.png",
            "When": {
                "Sandy": "true"
            }
        },
        {
            "Action": "Load",
            "Priority": "High",
            "Target": "Portraits/Vincent",
            "FromFile": "assets/Vincent.png",
            "When": {
                "Vincent": "true"
            }
        },
        {
            "Action": "Load",
            "Priority": "High",
            "Target": "Portraits/Vincent_Winter",
            "FromFile": "assets/Vincent_Winter.png",
            "When": {
                "Vincent": "true"
            }
        },
        {
            "Action": "Load",
            "Priority": "High",
            "Target": "Portraits/Willy",
            "FromFile": "assets/Willy.png",
            "When": {
                "Willy": "true"
            }
        },
        {
            "Action": "Load",
            "Priority": "High",
            "Target": "Portraits/Willy_Winter",
            "FromFile": "assets/Willy_Winter.png",
            "When": {
                "Willy": "true"
            }
        },
        {
            "Action": "Load",
            "Priority": "High",
            "Target": "Portraits/Wizard",
            "FromFile": "assets/Wizard.png",
            "When": {
                "Wizard": "true"
            }
        }
    ]
}